caseID,result,start_Zone,end_Zone,opponent
75643,Out,1,2,Nigeria
75645,Incomplete,2,2,Nigeria
75647,Incomplete,2,2,Nigeria
75648,Out,2,3,Nigeria
756410,Incomplete,2,3,Nigeria
756411,Out,1,3,Nigeria
756413,Pass Offside,2,3,Nigeria
756415,Incomplete,1,1,Nigeria
756417,Incomplete,1,2,Nigeria
756420,Incomplete,1,2,Nigeria
756421,Off T,2,3,Nigeria
756424,Incomplete,1,2,Nigeria
756426,Incomplete,1,3,Nigeria
756427,Incomplete,2,3,Nigeria
756429,Incomplete,2,2,Nigeria
756431,Incomplete,1,2,Nigeria
756433,Incomplete,2,2,Nigeria
756436,Goal,1,3,Nigeria
756438,Incomplete,2,3,Nigeria
756439,Incomplete,3,1,Nigeria
756441,Incomplete,2,2,Nigeria
756442,Incomplete,2,2,Nigeria
756443,Out,2,3,Nigeria
756445,Incomplete,2,2,Nigeria
756447,Incomplete,1,3,Nigeria
756450,Incomplete,2,2,Nigeria
756451,Incomplete,2,2,Nigeria
756452,Out,2,2,Nigeria
756454,Saved,1,3,Nigeria
756456,Incomplete,2,3,Nigeria
756458,Incomplete,1,2,Nigeria
756459,Incomplete,2,2,Nigeria
756461,Incomplete,1,3,Nigeria
756462,Pass Offside,3,2,Nigeria
756463,Incomplete,1,3,Nigeria
756466,Incomplete,1,2,Nigeria
756468,Incomplete,1,1,Nigeria
756469,Incomplete,2,2,Nigeria
756470,Incomplete,2,2,Nigeria
756471,Incomplete,2,2,Nigeria
756472,Blocked,2,2,Nigeria
756475,Incomplete,1,2,Nigeria
756478,Incomplete,1,2,Nigeria
756481,Incomplete,2,2,Nigeria
756486,Incomplete,1,2,Nigeria
756488,Incomplete,1,1,Nigeria
756492,Incomplete,2,2,Nigeria
756494,Incomplete,2,2,Nigeria
756496,Incomplete,2,2,Nigeria
7564102,Incomplete,2,3,Nigeria
7564107,Incomplete,1,2,Nigeria
7564110,Incomplete,1,3,Nigeria
7564111,Incomplete,3,2,Nigeria
7564112,Incomplete,2,3,Nigeria
7564113,Incomplete,2,3,Nigeria
7564115,Incomplete,2,2,Nigeria
7564117,Out,1,3,Nigeria
7564120,Incomplete,1,3,Nigeria
7564121,Out,3,3,Nigeria
7564123,Incomplete,1,2,Nigeria
7564124,Incomplete,3,3,Nigeria
7564127,Incomplete,1,3,Nigeria
7564129,Incomplete,1,2,Nigeria
7564130,Incomplete,3,3,Nigeria
7564132,Incomplete,2,2,Nigeria
7564133,Incomplete,2,3,Nigeria
7564134,Incomplete,2,3,Nigeria
7564135,Incomplete,3,3,Nigeria
7564136,Out,2,2,Nigeria
7564138,Incomplete,1,3,Nigeria
7564140,Incomplete,1,3,Nigeria
7564142,Incomplete,3,3,Nigeria
7564144,Incomplete,2,2,Nigeria
7564146,Incomplete,1,2,Nigeria
7564148,Incomplete,2,3,Nigeria
7564149,Incomplete,3,3,Nigeria
7564151,Incomplete,2,3,Nigeria
7564152,Incomplete,2,3,Nigeria
7564154,Incomplete,2,3,Nigeria
7564156,Off T,2,3,Nigeria
7564158,Incomplete,2,3,Nigeria
7564160,Incomplete,2,3,Nigeria
7564161,Incomplete,3,3,Nigeria
7564164,Goal,2,3,Nigeria
7564167,Incomplete,1,3,Nigeria
7564170,Incomplete,1,3,Nigeria
7564172,Incomplete,1,3,Nigeria
7564174,Incomplete,3,3,Nigeria
7564177,Out,3,3,Nigeria
75313,Incomplete,1,3,Iceland
75314,Incomplete,3,3,Iceland
75315,Off T,3,3,Iceland
75318,Incomplete,1,2,Iceland
753110,Incomplete,2,3,Iceland
753111,Incomplete,3,3,Iceland
753112,Off T,3,3,Iceland
753114,Incomplete,1,1,Iceland
753116,Incomplete,1,3,Iceland
753118,Incomplete,1,3,Iceland
753119,Off T,3,3,Iceland
753121,Incomplete,1,3,Iceland
753123,Incomplete,2,3,Iceland
753126,Incomplete,2,3,Iceland
753128,Saved,2,3,Iceland
753130,Blocked then Goal,2,3,Iceland
753132,Saved,1,3,Iceland
753134,Incomplete,2,2,Iceland
753136,Incomplete,2,2,Iceland
753137,Incomplete,2,3,Iceland
753139,Incomplete,2,3,Iceland
753141,Incomplete,1,3,Iceland
753142,Blocked,3,3,Iceland
753143,Saved,3,3,Iceland
753146,Out,1,3,Iceland
753148,Incomplete,1,2,Iceland
753149,Incomplete,2,3,Iceland
753151,Off T,1,3,Iceland
753153,Incomplete,1,3,Iceland
753155,Incomplete,2,3,Iceland
753156,Blocked,2,3,Iceland
753157,Incomplete,3,3,Iceland
753158,Incomplete,3,3,Iceland
753160,Incomplete,2,3,Iceland
753161,Off T,3,3,Iceland
753166,Incomplete,1,2,Iceland
753167,Incomplete,2,3,Iceland
753168,Off T,3,3,Iceland
753170,Out,1,3,Iceland
753172,Incomplete,1,2,Iceland
753175,Incomplete,2,3,Iceland
753176,Incomplete,2,3,Iceland
753179,Incomplete,1,2,Iceland
753181,Blocked,1,3,Iceland
753182,Blocked,3,3,Iceland
753183,Incomplete,3,3,Iceland
753185,Incomplete,3,3,Iceland
753190,Incomplete,1,2,Iceland
753192,Blocked,2,3,Iceland
753193,Incomplete,3,3,Iceland
753195,Incomplete,2,3,Iceland
753196,Saved,3,3,Iceland
753197,Blocked,3,3,Iceland
753199,Incomplete,2,2,Iceland
7531101,Off T,3,3,Iceland
7531102,Incomplete,1,2,Iceland
7531105,Blocked,1,3,Iceland
7531108,Saved,1,3,Iceland
7531110,Incomplete,1,3,Iceland
7531111,Blocked,3,3,Iceland
7531112,Incomplete,3,3,Iceland
7531114,Incomplete,1,3,Iceland
7531117,Incomplete,2,3,Iceland
7531119,Incomplete,2,2,Iceland
7531121,Incomplete,2,3,Iceland
7531122,Incomplete,3,3,Iceland
7531123,Incomplete,3,3,Iceland
7531126,Off T,3,3,Iceland
7531128,Incomplete,1,1,Iceland
7531129,Incomplete,1,3,Iceland
7531131,Blocked,3,3,Iceland
7531133,Incomplete,2,3,Iceland
7531136,Incomplete,1,3,Iceland
7531137,Incomplete,3,3,Iceland
7531138,Saved,2,3,Iceland
7531140,Injury Clearance,2,2,Iceland
7531142,Incomplete,1,3,Iceland
7531145,Off T,1,2,Iceland
7531147,Incomplete,1,2,Iceland
7531148,Blocked,3,3,Iceland
75453,Incomplete,2,3,Croatia
75455,Incomplete,2,3,Croatia
75457,Incomplete,2,3,Croatia
75459,Pass Offside,2,2,Croatia
754513,Incomplete,2,1,Croatia
754514,Incomplete,2,3,Croatia
754515,Incomplete,3,3,Croatia
754516,Incomplete,2,3,Croatia
754519,Incomplete,1,1,Croatia
754520,Incomplete,1,2,Croatia
754522,Incomplete,1,3,Croatia
754524,Blocked,3,3,Croatia
754525,Incomplete,3,3,Croatia
754526,Out,2,3,Croatia
754528,Out,1,2,Croatia
754531,Out,2,2,Croatia
754533,Incomplete,3,3,Croatia
754536,Incomplete,1,1,Croatia
754537,Incomplete,1,2,Croatia
754540,Out,1,3,Croatia
754545,Incomplete,1,None,Croatia
754546,Incomplete,1,2,Croatia
754551,Incomplete,1,3,Croatia
754552,Out,3,3,Croatia
754554,Incomplete,2,2,Croatia
754556,Off T,3,2,Croatia
754559,Incomplete,2,2,Croatia
754561,Incomplete,2,2,Croatia
754562,Incomplete,2,2,Croatia
754563,Incomplete,2,3,Croatia
754564,Incomplete,3,3,Croatia
754565,Incomplete,3,3,Croatia
754566,Incomplete,3,3,Croatia
754568,Incomplete,2,3,Croatia
754570,Incomplete,2,3,Croatia
754573,Incomplete,2,3,Croatia
754575,Incomplete,2,3,Croatia
754578,Incomplete,1,3,Croatia
754581,Incomplete,2,2,Croatia
754584,Incomplete,2,3,Croatia
754586,Pass Offside,2,2,Croatia
754590,Incomplete,1,2,Croatia
754592,Incomplete,2,3,Croatia
754594,Incomplete,2,3,Croatia
754597,Incomplete,2,2,Croatia
754599,Incomplete,3,3,Croatia
7545100,Blocked,3,3,Croatia
7545101,Incomplete,1,3,Croatia
7545103,Incomplete,2,3,Croatia
7545104,Incomplete,3,3,Croatia
7545106,Saved,2,3,Croatia
7545108,Incomplete,2,3,Croatia
7545109,Incomplete,2,2,Croatia
7545112,Out,2,2,Croatia
7545115,Out,3,3,Croatia
7545117,Out,2,2,Croatia
7545122,Incomplete,2,2,Croatia
7545125,Incomplete,2,3,Croatia
7545126,Incomplete,3,3,Croatia
7545127,Incomplete,3,3,Croatia
7545129,Incomplete,2,2,Croatia
7545130,Blocked,1,3,Croatia
7545131,Off T,3,3,Croatia
7545133,Incomplete,2,3,Croatia
7545136,Incomplete,1,2,Croatia
7545138,Incomplete,1,2,Croatia
7545140,Incomplete,2,3,Croatia
7545141,Incomplete,2,2,Croatia
7545143,Incomplete,2,2,Croatia
7545144,Incomplete,2,2,Croatia
7545146,Off T,1,3,Croatia
7545149,Incomplete,2,2,Croatia
7545151,Incomplete,3,3,Croatia
7545152,Out,3,3,Croatia
7545154,Incomplete,2,2,Croatia
7545156,Incomplete,1,2,Croatia
7545157,Incomplete,1,3,Croatia
7545158,Incomplete,3,3,Croatia
7545159,Incomplete,3,3,Croatia
7545160,Incomplete,3,3,Croatia
7545161,Incomplete,2,3,Croatia
7545163,Incomplete,1,3,Croatia
7545165,Incomplete,2,2,Croatia
7545167,Incomplete,1,2,Croatia
7545169,Incomplete,2,2,Croatia
7545170,Incomplete,2,3,Croatia
7545171,Incomplete,3,3,Croatia
7545172,Saved,3,3,Croatia
7545176,Incomplete,2,2,Croatia
7545178,Incomplete,1,2,Croatia
7545180,Incomplete,2,2,Croatia
7545183,Blocked,2,3,Croatia
7545184,Incomplete,3,3,Croatia
7545186,Incomplete,2,2,Croatia
7545188,Incomplete,2,2,Croatia
7545189,Incomplete,2,3,Croatia
75803,Incomplete,1,3,France
75805,Incomplete,1,2,France
75807,Incomplete,2,2,France
75808,Incomplete,2,3,France
75809,Incomplete,2,3,France
758011,Out,2,3,France
758013,Incomplete,1,1,France
758015,Incomplete,1,2,France
758016,Incomplete,2,3,France
758019,Incomplete,1,3,France
758020,Incomplete,3,3,France
758021,Incomplete,3,3,France
758024,Incomplete,2,3,France
758025,Incomplete,3,3,France
758027,Incomplete,2,3,France
758029,Incomplete,2,3,France
758030,Incomplete,3,3,France
758031,Incomplete,3,3,France
758035,Blocked,1,3,France
758036,Incomplete,3,2,France
758037,Incomplete,1,3,France
758039,Incomplete,2,3,France
758041,Incomplete,3,3,France
758043,Incomplete,2,3,France
758045,Incomplete,1,3,France
758046,Out,3,3,France
758050,Incomplete,2,3,France
758053,Out,1,3,France
758056,Incomplete,1,1,France
758057,Incomplete,1,3,France
758059,Incomplete,2,3,France
758061,Incomplete,2,3,France
758063,Incomplete,2,3,France
758064,Incomplete,3,3,France
758065,Goal,3,3,France
758068,Incomplete,1,3,France
758070,Incomplete,1,3,France
758072,Incomplete,1,3,France
758076,Incomplete,2,2,France
758077,Blocked then Goal,3,3,France
758083,Incomplete,1,1,France
758085,Incomplete,1,3,France
758086,Out,3,3,France
758088,Incomplete,3,3,France
758090,Incomplete,2,3,France
758092,Incomplete,2,3,France
758094,Incomplete,1,2,France
758095,Incomplete,2,3,France
758097,Incomplete,1,3,France
758098,Blocked,3,3,France
758099,Out,3,3,France
7580101,Incomplete,3,None,France
7580102,Incomplete,3,3,France
7580104,Incomplete,2,2,France
7580108,Incomplete,2,2,France
7580109,Incomplete,2,3,France
7580110,Incomplete,3,3,France
7580112,Incomplete,1,3,France
7580114,Incomplete,1,2,France
7580116,Incomplete,1,3,France
7580119,Out,1,3,France
7580121,Incomplete,1,3,France
7580123,Incomplete,3,None,France
7580124,Incomplete,3,3,France
7580126,Incomplete,3,2,France
7580127,Incomplete,1,2,France
7580128,Incomplete,2,3,France
7580130,Out,3,3,France
7580131,Incomplete,3,3,France
7580133,Saved,2,3,France
7580135,Incomplete,1,2,France
7580137,Blocked,1,3,France
7580138,Incomplete,3,3,France
7580139,Incomplete,3,3,France
7580140,Out,3,3,France
7580142,Incomplete,3,3,France
7580144,Blocked,2,3,France
7580145,Pass Offside,3,3,France
7580147,Incomplete,2,3,France
7580148,Incomplete,2,3,France
7580150,Incomplete,2,2,France
7580151,Incomplete,1,2,France
7580152,Goal,2,3,France
7580155,Incomplete,1,3,France
