caseID,result,start_Zone,end_Zone,opponent
75833,Incomplete,1,2,Mexico
75834,Incomplete,2,2,Mexico
75837,Incomplete,1,2,Mexico
75838,Incomplete,2,2,Mexico
75839,Incomplete,2,3,Mexico
758310,Saved,2,2,Mexico
758313,Incomplete,3,3,Mexico
758316,Incomplete,1,2,Mexico
758318,Incomplete,1,3,Mexico
758321,Incomplete,1,3,Mexico
758324,Incomplete,1,2,Mexico
758326,Incomplete,2,3,Mexico
758328,Incomplete,1,1,Mexico
758329,Incomplete,1,2,Mexico
758332,Incomplete,2,3,Mexico
758333,Incomplete,3,3,Mexico
758335,Out,1,1,Mexico
758337,Incomplete,1,2,Mexico
758339,Incomplete,1,3,Mexico
758341,Incomplete,2,2,Mexico
758344,Saved,1,3,Mexico
758345,Blocked,3,3,Mexico
758348,Incomplete,2,3,Mexico
758350,Incomplete,1,3,Mexico
758353,Out,1,2,Mexico
758355,Incomplete,2,3,Mexico
758356,Saved,3,3,Mexico
758358,Blocked,2,3,Mexico
758359,Incomplete,3,3,Mexico
758361,Incomplete,1,2,Mexico
758362,Incomplete,2,2,Mexico
758363,Incomplete,1,2,Mexico
758364,Blocked,2,3,Mexico
758365,Off T,3,3,Mexico
758367,Incomplete,2,3,Mexico
758369,Incomplete,2,3,Mexico
758370,Incomplete,3,3,Mexico
758371,Incomplete,3,3,Mexico
758374,Incomplete,1,2,Mexico
758376,Incomplete,2,3,Mexico
758378,Blocked,2,3,Mexico
758379,Incomplete,2,2,Mexico
758380,Incomplete,2,3,Mexico
758383,Incomplete,2,3,Mexico
758384,Saved,3,3,Mexico
758385,Incomplete,3,3,Mexico
758386,Incomplete,3,3,Mexico
758387,Incomplete,3,3,Mexico
758389,Goal,1,3,Mexico
758393,Incomplete,2,None,Mexico
758395,Incomplete,1,1,Mexico
758397,Incomplete,2,None,Mexico
758398,Incomplete,3,3,Mexico
7583100,Off T,2,3,Mexico
7583102,Out,2,3,Mexico
7583105,Incomplete,1,2,Mexico
7583107,Saved,1,3,Mexico
7583109,Incomplete,1,3,Mexico
7583111,Incomplete,3,3,Mexico
7583116,Out,1,2,Mexico
7583117,Saved,1,3,Mexico
7583118,Incomplete,3,3,Mexico
7583121,Incomplete,1,2,Mexico
7583123,Out,1,2,Mexico
7583125,Incomplete,2,3,Mexico
7583126,Out,3,3,Mexico
7583128,Incomplete,2,3,Mexico
7583130,Off T,1,3,Mexico
7583131,Out,3,3,Mexico
7583133,Incomplete,1,2,Mexico
7583136,Incomplete,1,1,Mexico
7583137,Saved,3,3,Mexico
7583140,Incomplete,1,1,Mexico
7583141,Incomplete,2,3,Mexico
7583142,Incomplete,2,2,Mexico
7583143,Incomplete,2,3,Mexico
7583145,Incomplete,1,3,Mexico
7583147,Incomplete,1,3,Mexico
7583149,Incomplete,1,2,Mexico
7583151,Out,1,2,Mexico
7583153,Incomplete,1,2,Mexico
7583156,Incomplete,1,2,Mexico
7583157,Incomplete,2,2,Mexico
7583159,Goal,2,3,Mexico
7583161,Incomplete,1,2,Mexico
7583163,Incomplete,1,2,Mexico
7583165,Incomplete,2,2,Mexico
7583166,Out,2,2,Mexico
7583168,Incomplete,2,3,Mexico
7583171,Incomplete,1,3,Mexico
7583173,Incomplete,1,2,Mexico
7583175,Incomplete,2,2,Mexico
75652,Incomplete,2,2,Serbia
75653,Incomplete,2,2,Serbia
75654,Incomplete,2,2,Serbia
75655,Incomplete,2,3,Serbia
75657,Blocked,2,3,Serbia
75659,Incomplete,1,1,Serbia
756510,Saved,2,3,Serbia
756512,Incomplete,1,1,Serbia
756513,Incomplete,1,2,Serbia
756516,Incomplete,1,2,Serbia
756518,Incomplete,1,2,Serbia
756520,Injury Clearance,1,2,Serbia
756522,Incomplete,2,3,Serbia
756524,Incomplete,1,3,Serbia
756528,Incomplete,1,2,Serbia
756530,Incomplete,1,1,Serbia
756533,Out,1,3,Serbia
756535,Incomplete,1,2,Serbia
756537,Incomplete,1,3,Serbia
756539,Incomplete,1,2,Serbia
756540,Incomplete,2,3,Serbia
756541,Incomplete,3,3,Serbia
756544,Incomplete,1,2,Serbia
756546,Incomplete,2,2,Serbia
756547,Saved,2,3,Serbia
756548,Out,2,3,Serbia
756549,Incomplete,2,2,Serbia
756551,Incomplete,2,2,Serbia
756552,Blocked,2,3,Serbia
756553,Out,3,3,Serbia
756556,Incomplete,2,3,Serbia
756559,Incomplete,1,2,Serbia
756560,Incomplete,2,3,Serbia
756562,Incomplete,2,3,Serbia
756564,Incomplete,3,3,Serbia
756566,Goal,2,3,Serbia
756568,Incomplete,1,3,Serbia
756569,Incomplete,2,3,Serbia
756572,Incomplete,1,2,Serbia
756575,Incomplete,2,2,Serbia
756576,Incomplete,2,2,Serbia
756578,Incomplete,1,2,Serbia
756579,Incomplete,2,2,Serbia
756581,Incomplete,2,2,Serbia
756583,Incomplete,2,3,Serbia
756584,Off T,3,3,Serbia
756588,Incomplete,2,2,Serbia
756589,Out,2,2,Serbia
756592,Incomplete,1,2,Serbia
756593,Pass Offside,2,3,Serbia
756595,Incomplete,1,3,Serbia
756596,Incomplete,2,3,Serbia
756597,Out,3,3,Serbia
756599,Incomplete,2,3,Serbia
7565101,Incomplete,1,2,Serbia
7565103,Incomplete,1,1,Serbia
7565106,Saved,1,3,Serbia
7565107,Incomplete,3,3,Serbia
7565108,Incomplete,3,3,Serbia
7565109,Incomplete,3,3,Serbia
7565111,Incomplete,1,2,Serbia
7565112,Incomplete,2,2,Serbia
7565114,Incomplete,1,3,Serbia
7565116,Incomplete,2,2,Serbia
7565118,Incomplete,2,2,Serbia
7565122,Incomplete,1,3,Serbia
7565123,Incomplete,2,3,Serbia
7565124,Incomplete,3,3,Serbia
7565125,Goal,3,3,Serbia
7565128,Blocked,1,3,Serbia
7565129,Saved,3,3,Serbia
7565130,Incomplete,3,3,Serbia
7565133,Blocked,1,3,Serbia
7565135,Out,2,2,Serbia
7565137,Incomplete,1,2,Serbia
7565139,Incomplete,1,2,Serbia
7565141,Off T,1,3,Serbia
7565143,Incomplete,1,2,Serbia
7565145,Out,1,2,Serbia
7565147,Incomplete,1,2,Serbia
7565149,Incomplete,2,3,Serbia
7565150,Off T,2,3,Serbia
7565152,Incomplete,2,2,Serbia
7565154,Incomplete,1,2,Serbia
7565156,Incomplete,2,3,Serbia
7565158,Blocked,1,3,Serbia
7565160,Incomplete,2,2,Serbia
7565164,Incomplete,1,2,Serbia
7565166,Incomplete,1,3,Serbia
7565168,Saved,2,3,Serbia
7565169,Incomplete,3,2,Serbia
75483,Incomplete,1,2,Costa Rica
75486,Incomplete,1,2,Costa Rica
75488,Incomplete,2,2,Costa Rica
75489,Incomplete,2,2,Costa Rica
754811,Incomplete,2,3,Costa Rica
754813,Off T,2,3,Costa Rica
754815,Incomplete,1,3,Costa Rica
754818,Incomplete,1,2,Costa Rica
754819,Incomplete,2,2,Costa Rica
754821,Incomplete,3,3,Costa Rica
754823,Injury Clearance,2,2,Costa Rica
754825,Incomplete,2,3,Costa Rica
754828,Incomplete,1,1,Costa Rica
754829,Incomplete,1,3,Costa Rica
754830,Incomplete,3,2,Costa Rica
754831,Incomplete,2,2,Costa Rica
754832,Incomplete,3,3,Costa Rica
754835,Incomplete,1,2,Costa Rica
754837,Incomplete,1,3,Costa Rica
754840,Incomplete,2,3,Costa Rica
754841,Off T,3,3,Costa Rica
754842,Incomplete,2,3,Costa Rica
754843,Incomplete,2,3,Costa Rica
754845,Incomplete,2,3,Costa Rica
754846,Out,3,3,Costa Rica
754848,Incomplete,1,3,Costa Rica
754849,Incomplete,3,2,Costa Rica
754851,Blocked,2,3,Costa Rica
754852,Incomplete,1,3,Costa Rica
754854,Incomplete,3,3,Costa Rica
754856,Off T,2,3,Costa Rica
754858,Off T,3,3,Costa Rica
754859,Out,1,3,Costa Rica
754861,Incomplete,2,3,Costa Rica
754865,Incomplete,2,3,Costa Rica
754866,Off T,2,3,Costa Rica
754868,Incomplete,2,3,Costa Rica
754870,Incomplete,2,3,Costa Rica
754872,Incomplete,2,3,Costa Rica
754874,Incomplete,1,3,Costa Rica
754875,Incomplete,3,3,Costa Rica
754876,Incomplete,1,2,Costa Rica
754879,Saved,1,3,Costa Rica
754881,Incomplete,2,3,Costa Rica
754883,Incomplete,1,2,Costa Rica
754884,Pass Offside,3,3,Costa Rica
754886,Incomplete,1,3,Costa Rica
754889,Blocked,2,3,Costa Rica
754891,Blocked,1,3,Costa Rica
754892,Incomplete,3,3,Costa Rica
754893,Incomplete,3,3,Costa Rica
754894,Incomplete,3,3,Costa Rica
754897,Out,1,3,Costa Rica
754898,Out,1,1,Costa Rica
7548100,Incomplete,1,2,Costa Rica
7548101,Incomplete,2,2,Costa Rica
7548103,Incomplete,2,3,Costa Rica
7548105,Saved,3,3,Costa Rica
7548106,Incomplete,3,3,Costa Rica
7548107,Saved,3,3,Costa Rica
7548109,Incomplete,1,3,Costa Rica
7548112,Blocked,2,3,Costa Rica
7548114,Incomplete,2,3,Costa Rica
7548116,Saved,1,3,Costa Rica
7548118,Incomplete,2,2,Costa Rica
7548120,Incomplete,2,3,Costa Rica
7548122,Incomplete,1,3,Costa Rica
7548125,Incomplete,1,3,Costa Rica
7548126,Incomplete,3,3,Costa Rica
7548127,Saved,3,3,Costa Rica
7548129,Incomplete,2,2,Costa Rica
7548131,Incomplete,1,2,Costa Rica
7548133,Off T,1,3,Costa Rica
7548135,Incomplete,1,3,Costa Rica
7548137,Blocked,1,3,Costa Rica
7548138,Incomplete,3,3,Costa Rica
7548141,Incomplete,1,3,Costa Rica
7548143,Incomplete,1,3,Costa Rica
7548144,Incomplete,3,3,Costa Rica
7548146,Injury Clearance,2,3,Costa Rica
7548148,Saved,1,3,Costa Rica
7548150,Incomplete,3,3,Costa Rica
7548152,Saved,2,3,Costa Rica
7548154,Incomplete,3,3,Costa Rica
7548156,Incomplete,1,3,Costa Rica
7548157,Goal,1,3,Costa Rica
7548159,Off T,1,3,Costa Rica
7548160,Incomplete,2,3,Costa Rica
7548161,Out,3,3,Costa Rica
7548164,Goal,2,3,Costa Rica
75332,Incomplete,2,2,Switzerland
75334,Incomplete,2,2,Switzerland
75336,Incomplete,1,None,Switzerland
753310,Incomplete,1,2,Switzerland
753312,Incomplete,1,2,Switzerland
753314,Incomplete,2,2,Switzerland
753315,Incomplete,2,3,Switzerland
753317,Out,2,3,Switzerland
753318,Incomplete,3,2,Switzerland
753320,Incomplete,1,3,Switzerland
753322,Incomplete,1,3,Switzerland
753325,Off T,1,3,Switzerland
753327,Out,2,3,Switzerland
753329,Incomplete,2,3,Switzerland
753331,Blocked,3,3,Switzerland
753333,Incomplete,2,3,Switzerland
753334,Incomplete,2,3,Switzerland
753336,Goal,1,3,Switzerland
753338,Incomplete,1,3,Switzerland
753339,Incomplete,3,3,Switzerland
753341,Incomplete,2,2,Switzerland
753343,Incomplete,1,2,Switzerland
753345,Incomplete,1,2,Switzerland
753349,Incomplete,2,3,Switzerland
753351,Incomplete,1,3,Switzerland
753354,Incomplete,1,1,Switzerland
753357,Incomplete,2,3,Switzerland
753358,Incomplete,3,3,Switzerland
753359,Incomplete,3,3,Switzerland
753361,Incomplete,1,2,Switzerland
753363,Out,1,2,Switzerland
753365,Incomplete,1,3,Switzerland
753367,Incomplete,1,2,Switzerland
753370,Incomplete,1,2,Switzerland
753372,Incomplete,1,3,Switzerland
753375,Incomplete,1,2,Switzerland
753378,Incomplete,1,1,Switzerland
753379,Incomplete,2,3,Switzerland
753380,Off T,3,3,Switzerland
753384,Incomplete,1,3,Switzerland
753387,Incomplete,1,3,Switzerland
753389,Incomplete,1,1,Switzerland
753392,Incomplete,2,2,Switzerland
753395,Incomplete,1,1,Switzerland
753398,Incomplete,2,3,Switzerland
7533100,Incomplete,2,2,Switzerland
7533101,Incomplete,3,2,Switzerland
7533104,Blocked,1,3,Switzerland
7533105,Incomplete,3,3,Switzerland
7533106,Incomplete,3,2,Switzerland
7533107,Off T,2,3,Switzerland
7533109,Incomplete,1,1,Switzerland
7533112,Out,2,2,Switzerland
7533114,Incomplete,2,3,Switzerland
7533117,Incomplete,1,2,Switzerland
7533119,Incomplete,2,2,Switzerland
7533122,Incomplete,2,3,Switzerland
7533123,Blocked,3,3,Switzerland
7533124,Blocked,3,3,Switzerland
7533126,Incomplete,1,2,Switzerland
7533127,Off T,2,3,Switzerland
7533129,Incomplete,1,3,Switzerland
7533131,Incomplete,1,3,Switzerland
7533132,Incomplete,3,2,Switzerland
7533135,Incomplete,1,3,Switzerland
7533137,Off T,1,3,Switzerland
7533139,Saved,2,3,Switzerland
7533141,Incomplete,2,3,Switzerland
7533143,Incomplete,1,1,Switzerland
7533144,Incomplete,2,3,Switzerland
7533146,Incomplete,1,2,Switzerland
7533147,Incomplete,3,2,Switzerland
7533148,Off T,2,3,Switzerland
7533150,Incomplete,2,3,Switzerland
7533153,Incomplete,1,1,Switzerland
7533155,Incomplete,1,1,Switzerland
7533156,Incomplete,1,3,Switzerland
7533158,Incomplete,1,3,Switzerland
7533160,Incomplete,3,3,Switzerland
7533162,Saved,3,3,Switzerland
7533165,Incomplete,2,3,Switzerland
7533167,Incomplete,1,3,Switzerland
7533168,Saved,3,3,Switzerland
7533170,Incomplete,2,3,Switzerland
7533171,Off T,3,3,Switzerland
7533174,Incomplete,1,3,Switzerland
7533177,Incomplete,1,2,Switzerland
7533178,Incomplete,2,2,Switzerland
7533179,Blocked,3,3,Switzerland
7533180,Incomplete,3,3,Switzerland
86502,Incomplete,2,2,Belgium
86504,Incomplete,1,2,Belgium
86506,Incomplete,1,2,Belgium
86509,Incomplete,3,3,Belgium
865012,Incomplete,2,2,Belgium
865013,Incomplete,2,2,Belgium
865015,Incomplete,2,2,Belgium
865016,Incomplete,2,3,Belgium
865017,Incomplete,3,3,Belgium
865019,Blocked,2,3,Belgium
865020,Incomplete,3,3,Belgium
865025,Blocked,2,3,Belgium
865026,Incomplete,3,3,Belgium
865027,Incomplete,3,2,Belgium
865030,Incomplete,2,3,Belgium
865032,Incomplete,1,3,Belgium
865035,Saved,1,3,Belgium
865038,Incomplete,1,3,Belgium
865041,Incomplete,2,3,Belgium
865044,Out,1,3,Belgium
865046,Incomplete,2,3,Belgium
865047,Saved,3,3,Belgium
865049,Incomplete,2,2,Belgium
865051,Incomplete,2,2,Belgium
865053,Incomplete,2,3,Belgium
865055,Incomplete,2,3,Belgium
865056,Blocked,3,3,Belgium
865057,Incomplete,3,3,Belgium
865059,Incomplete,2,3,Belgium
865060,Incomplete,2,3,Belgium
865063,Off T,2,3,Belgium
865065,Incomplete,1,2,Belgium
865066,Incomplete,3,3,Belgium
865067,Saved,3,3,Belgium
865068,Incomplete,3,3,Belgium
865072,Incomplete,2,3,Belgium
865074,Incomplete,2,3,Belgium
865075,Incomplete,2,3,Belgium
865076,Incomplete,2,3,Belgium
865078,Pass Offside,2,3,Belgium
865081,Incomplete,1,2,Belgium
865082,Incomplete,3,3,Belgium
865084,Incomplete,1,3,Belgium
865085,Out,3,2,Belgium
865087,Out,2,3,Belgium
865089,Incomplete,2,3,Belgium
865090,Blocked,3,3,Belgium
865091,Incomplete,2,3,Belgium
865092,Incomplete,3,3,Belgium
865093,Saved,2,3,Belgium
865095,Incomplete,2,2,Belgium
865096,Incomplete,3,3,Belgium
865098,Incomplete,1,2,Belgium
8650100,Incomplete,1,3,Belgium
8650103,Incomplete,2,3,Belgium
8650105,Incomplete,2,3,Belgium
8650107,Incomplete,2,3,Belgium
8650109,Saved,2,3,Belgium
8650111,Incomplete,2,3,Belgium
8650114,Blocked,1,3,Belgium
8650118,Out,2,3,Belgium
8650122,Incomplete,1,3,Belgium
8650124,Blocked,2,3,Belgium
8650126,Incomplete,1,1,Belgium
8650127,Saved,2,3,Belgium
8650129,Incomplete,1,2,Belgium
8650132,Incomplete,1,2,Belgium
8650134,Out,2,3,Belgium
8650136,Blocked,1,3,Belgium
8650137,Incomplete,3,3,Belgium
8650139,Goal,2,3,Belgium
8650140,Incomplete,1,3,Belgium
8650142,Off T,1,3,Belgium
8650144,Incomplete,2,3,Belgium
8650145,Incomplete,3,3,Belgium
8650147,Incomplete,1,3,Belgium
8650149,Off T,2,3,Belgium
8650152,Off T,3,3,Belgium
8650154,Incomplete,2,3,Belgium
8650157,Incomplete,1,3,Belgium
8650159,Incomplete,1,3,Belgium
8650161,Out,2,3,Belgium
8650163,Incomplete,1,2,Belgium
8650165,Blocked,1,3,Belgium
8650168,Saved,1,3,Belgium
8650169,Off T,3,3,Belgium
8650172,Incomplete,1,1,Belgium
