caseID,result,start_Zone,end_Zone,opponent
75554,Incomplete,1,3,Poland
75558,Incomplete,1,1,Poland
755514,Incomplete,1,2,Poland
755516,Incomplete,1,1,Poland
755517,Incomplete,2,3,Poland
755519,Incomplete,1,2,Poland
755521,Incomplete,2,2,Poland
755523,Incomplete,1,2,Poland
755525,Incomplete,3,3,Poland
755528,Incomplete,1,3,Poland
755531,Incomplete,2,1,Poland
755532,Blocked,2,3,Poland
755534,Incomplete,2,3,Poland
755536,Incomplete,2,3,Poland
755543,Out,1,2,Poland
755544,Incomplete,2,3,Poland
755547,Incomplete,1,3,Poland
755549,Incomplete,1,3,Poland
755550,Incomplete,3,3,Poland
755551,Incomplete,3,3,Poland
755553,Incomplete,2,1,Poland
755556,Incomplete,2,3,Poland
755559,Incomplete,2,3,Poland
755560,Incomplete,3,3,Poland
755562,Off T,2,3,Poland
755564,Incomplete,2,2,Poland
755566,Incomplete,1,3,Poland
755567,Incomplete,3,2,Poland
755569,Incomplete,1,2,Poland
755571,Incomplete,1,3,Poland
755572,Goal,3,3,Poland
755575,Incomplete,1,2,Poland
755578,Incomplete,1,3,Poland
755579,Incomplete,2,3,Poland
755580,Incomplete,3,2,Poland
755581,Incomplete,2,3,Poland
755583,Incomplete,3,None,Poland
755585,Incomplete,2,2,Poland
755588,Incomplete,1,3,Poland
755589,Incomplete,2,2,Poland
755590,Incomplete,2,3,Poland
755592,Incomplete,2,2,Poland
755594,Incomplete,1,2,Poland
755596,Incomplete,1,1,Poland
755599,Incomplete,1,2,Poland
7555101,Incomplete,3,None,Poland
7555103,Incomplete,2,3,Poland
7555106,Incomplete,1,3,Poland
7555108,Incomplete,2,2,Poland
7555110,Off T,2,3,Poland
7555112,Off T,1,3,Poland
7555115,Blocked,1,3,Poland
7555117,Incomplete,1,2,Poland
7555118,Incomplete,2,2,Poland
7555120,Incomplete,1,1,Poland
7555122,Incomplete,1,1,Poland
7555124,Blocked,1,3,Poland
7555125,Off T,3,3,Poland
7555127,Incomplete,1,2,Poland
7555131,Incomplete,1,2,Poland
7555133,Incomplete,1,1,Poland
7555134,Incomplete,2,3,Poland
7555136,Incomplete,2,None,Poland
7555137,Incomplete,1,2,Poland
7555138,Incomplete,2,2,Poland
7555140,Incomplete,1,2,Poland
7555141,Incomplete,1,2,Poland
7555142,Incomplete,2,3,Poland
7555145,Incomplete,2,2,Poland
7555148,Incomplete,1,1,Poland
7555149,Goal,1,3,Poland
7555152,Incomplete,1,1,Poland
7555154,Incomplete,3,3,Poland
7555156,Incomplete,2,2,Poland
7555159,Goal,1,3,Poland
7555162,Incomplete,1,2,Poland
7555164,Incomplete,2,None,Poland
7555167,Incomplete,1,3,Poland
7555170,Injury Clearance,1,2,Poland
7555172,Blocked,2,3,Poland
7555173,Off T,3,3,Poland
7555175,Incomplete,1,2,Poland
7555177,Incomplete,1,3,Poland
7555179,Incomplete,1,2,Poland
7555182,Blocked,1,2,Poland
7555184,Incomplete,2,3,Poland
7555186,Incomplete,1,2,Poland
7555188,Incomplete,1,None,Poland
7555189,Incomplete,1,1,Poland
7555190,Out,1,2,Poland
7555192,Incomplete,1,2,Poland
7555194,Incomplete,2,3,Poland
75713,Incomplete,1,2,Senegal
75715,Incomplete,1,2,Senegal
75717,Incomplete,1,2,Senegal
75718,Incomplete,2,None,Senegal
75719,Incomplete,2,2,Senegal
757111,Incomplete,1,3,Senegal
757113,Incomplete,1,3,Senegal
757114,Out,3,2,Senegal
757116,Out,2,1,Senegal
757119,Incomplete,1,2,Senegal
757120,Incomplete,2,2,Senegal
757122,Incomplete,1,2,Senegal
757124,Incomplete,1,2,Senegal
757125,Incomplete,2,3,Senegal
757126,Saved,3,3,Senegal
757127,Incomplete,3,3,Senegal
757131,Incomplete,1,1,Senegal
757132,Incomplete,2,2,Senegal
757134,Incomplete,1,2,Senegal
757135,Incomplete,2,2,Senegal
757137,Incomplete,2,2,Senegal
757140,Incomplete,1,3,Senegal
757142,Incomplete,2,2,Senegal
757143,Incomplete,2,2,Senegal
757145,Incomplete,1,3,Senegal
757146,Pass Offside,3,3,Senegal
757148,Out,2,1,Senegal
757150,Incomplete,1,1,Senegal
757152,Out,1,2,Senegal
757154,Out,1,3,Senegal
757157,Incomplete,1,3,Senegal
757159,Incomplete,1,2,Senegal
757161,Incomplete,1,2,Senegal
757162,Incomplete,2,2,Senegal
757164,Incomplete,1,2,Senegal
757167,Incomplete,1,2,Senegal
757168,Incomplete,2,2,Senegal
757169,Incomplete,2,3,Senegal
757171,Incomplete,2,2,Senegal
757174,Incomplete,1,2,Senegal
757175,Incomplete,2,2,Senegal
757177,Incomplete,1,2,Senegal
757179,Incomplete,1,2,Senegal
757180,Incomplete,2,3,Senegal
757183,Incomplete,1,2,Senegal
757184,Incomplete,2,2,Senegal
757186,Incomplete,1,3,Senegal
757189,Incomplete,1,3,Senegal
757191,Incomplete,1,3,Senegal
757192,Incomplete,3,3,Senegal
757193,Incomplete,2,3,Senegal
757194,Incomplete,2,3,Senegal
757196,Incomplete,2,3,Senegal
757198,Out,2,3,Senegal
7571100,Incomplete,2,2,Senegal
7571101,Incomplete,3,2,Senegal
7571103,Incomplete,2,3,Senegal
7571105,Incomplete,2,2,Senegal
7571106,Incomplete,2,3,Senegal
7571108,Incomplete,1,2,Senegal
7571109,Incomplete,2,3,Senegal
7571110,Incomplete,3,3,Senegal
7571112,Incomplete,2,3,Senegal
7571115,Incomplete,1,3,Senegal
7571117,Incomplete,1,2,Senegal
7571118,Incomplete,3,None,Senegal
7571120,Incomplete,3,3,Senegal
7571121,Incomplete,2,3,Senegal
7571124,Incomplete,2,2,Senegal
7571126,Incomplete,2,3,Senegal
7571128,Incomplete,1,3,Senegal
7571130,Incomplete,2,2,Senegal
7571133,Incomplete,2,3,Senegal
7571134,Blocked,3,3,Senegal
7571135,Off T,3,3,Senegal
7571138,Pass Offside,2,3,Senegal
7571140,Incomplete,1,3,Senegal
7571141,Goal,3,3,Senegal
7571143,Incomplete,2,3,Senegal
7571146,Out,1,3,Senegal
7571149,Out,1,2,Senegal
7571153,Incomplete,2,3,Senegal
7571156,Incomplete,1,3,Senegal
7571158,Out,2,3,Senegal
7571161,Incomplete,1,3,Senegal
7571163,Incomplete,1,2,Senegal
7571164,Incomplete,2,3,Senegal
7571166,Incomplete,1,3,Senegal
7571167,Incomplete,2,3,Senegal
7571169,Incomplete,1,3,Senegal
7571170,Incomplete,3,3,Senegal
7571173,Incomplete,1,2,Senegal
7571175,Pass Offside,1,2,Senegal
75413,Incomplete,1,2,Japan
75414,Incomplete,1,2,Japan
75415,Incomplete,2,1,Japan
75417,Out,1,2,Japan
75419,Incomplete,2,3,Japan
754112,Incomplete,2,2,Japan
754114,Incomplete,1,2,Japan
754116,Incomplete,1,3,Japan
754118,Incomplete,2,3,Japan
754119,Incomplete,3,3,Japan
754122,Incomplete,1,1,Japan
754123,Incomplete,2,3,Japan
754124,Incomplete,3,3,Japan
754125,Saved,2,3,Japan
754127,Incomplete,1,1,Japan
754128,Incomplete,1,2,Japan
754129,Incomplete,2,1,Japan
754131,Blocked,1,3,Japan
754132,Incomplete,3,3,Japan
754134,Incomplete,1,3,Japan
754136,Incomplete,2,3,Japan
754138,Incomplete,2,3,Japan
754141,Incomplete,1,1,Japan
754142,Incomplete,1,2,Japan
754145,Incomplete,1,3,Japan
754146,Blocked,3,3,Japan
754149,Incomplete,1,3,Japan
754151,Incomplete,1,2,Japan
754154,Incomplete,1,2,Japan
754156,Incomplete,2,3,Japan
754157,Incomplete,3,2,Japan
754160,Incomplete,1,2,Japan
754163,Saved,1,3,Japan
754165,Incomplete,2,2,Japan
754166,Incomplete,2,3,Japan
754167,Incomplete,3,2,Japan
754168,Incomplete,2,3,Japan
754169,Incomplete,3,3,Japan
754170,Incomplete,3,3,Japan
754171,Goal,3,3,Japan
754173,Incomplete,1,2,Japan
754175,Incomplete,1,2,Japan
754177,Incomplete,1,3,Japan
754179,Incomplete,1,3,Japan
754180,Incomplete,3,3,Japan
754182,Incomplete,2,3,Japan
754183,Incomplete,2,2,Japan
754184,Incomplete,2,3,Japan
754185,Incomplete,3,3,Japan
754186,Incomplete,3,3,Japan
754187,Incomplete,2,3,Japan
754190,Incomplete,1,1,Japan
754192,Incomplete,1,3,Japan
754194,Incomplete,2,2,Japan
754197,Incomplete,1,2,Japan
7541100,Incomplete,1,2,Japan
7541102,Incomplete,1,3,Japan
7541105,Incomplete,1,3,Japan
7541108,Incomplete,1,3,Japan
7541110,Incomplete,1,2,Japan
7541112,Incomplete,1,1,Japan
7541115,Incomplete,1,3,Japan
7541116,Incomplete,3,3,Japan
7541119,Incomplete,1,2,Japan
7541121,Incomplete,1,3,Japan
7541126,Incomplete,1,2,Japan
7541129,Incomplete,1,2,Japan
7541131,Out,1,3,Japan
7541134,Incomplete,2,2,Japan
7541136,Out,1,2,Japan
7541138,Incomplete,1,1,Japan
7541139,Incomplete,2,2,Japan
7541141,Incomplete,2,3,Japan
7541142,Blocked,3,3,Japan
7541143,Blocked,3,3,Japan
7541146,Incomplete,1,3,Japan
7541148,Incomplete,1,2,Japan
7541150,Incomplete,1,3,Japan
7541155,Incomplete,1,3,Japan
7541157,Incomplete,2,3,Japan
7541158,Incomplete,3,3,Japan
7541159,Pass Offside,3,3,Japan
7541162,Incomplete,2,3,Japan
7541164,Incomplete,3,3,Japan
7541165,Incomplete,3,3,Japan
7541166,Incomplete,2,3,Japan
7541168,Out,2,1,Japan
7541169,Incomplete,1,3,Japan
75852,Incomplete,2,3,England
75854,Incomplete,2,3,England
75856,Incomplete,1,3,England
75859,Incomplete,1,3,England
758513,Incomplete,1,1,England
758514,Incomplete,2,2,England
758517,Incomplete,1,3,England
758520,Incomplete,1,2,England
758523,Incomplete,1,2,England
758527,Incomplete,1,2,England
758529,Incomplete,1,2,England
758531,Incomplete,2,3,England
758534,Out,2,2,England
758536,Incomplete,1,2,England
758538,Incomplete,1,3,England
758542,Incomplete,1,2,England
758544,Blocked,1,3,England
758546,Incomplete,2,2,England
758547,Out,3,2,England
758552,Incomplete,1,1,England
758553,Incomplete,1,1,England
758554,Incomplete,1,3,England
758556,Out,1,2,England
758558,Incomplete,1,2,England
758560,Out,1,3,England
758562,Off T,3,3,England
758564,Incomplete,1,2,England
758566,Incomplete,2,3,England
758568,Incomplete,1,2,England
758571,Incomplete,1,3,England
758573,Incomplete,2,2,England
758574,Incomplete,2,3,England
758576,Out,2,1,England
758578,Incomplete,1,2,England
758579,Saved,2,3,England
758581,Pass Offside,1,3,England
758584,Out,2,3,England
758586,Incomplete,2,3,England
758588,Incomplete,1,3,England
758590,Incomplete,1,3,England
758596,Incomplete,1,3,England
758597,Blocked,2,2,England
758599,Incomplete,1,2,England
7585100,Incomplete,2,3,England
7585106,Incomplete,2,2,England
7585109,Incomplete,1,2,England
7585111,Incomplete,1,2,England
7585112,Incomplete,2,2,England
7585113,Incomplete,2,3,England
7585115,Incomplete,2,3,England
7585117,Incomplete,1,2,England
7585120,Incomplete,1,2,England
7585123,Incomplete,2,3,England
7585125,Incomplete,2,3,England
7585127,Incomplete,1,3,England
7585130,Off T,3,3,England
7585132,Incomplete,1,1,England
7585134,Incomplete,1,3,England
7585135,Off T,3,3,England
7585137,Saved,1,3,England
7585139,Incomplete,1,3,England
7585141,Out,2,3,England
7585143,Saved,1,3,England
7585144,Goal,3,3,England
7585149,Incomplete,1,2,England
7585150,Out,2,2,England
7585153,Incomplete,1,None,England
7585156,Incomplete,2,3,England
7585157,Incomplete,3,3,England
7585158,Incomplete,2,3,England
7585160,Out,1,3,England
7585162,Incomplete,1,3,England
7585165,Blocked,2,3,England
7585166,Off T,3,3,England
7585168,Off T,2,3,England
7585170,Out,2,3,England
7585172,Incomplete,2,2,England
7585176,Out,1,3,England
7585178,Incomplete,3,2,England
7585180,Incomplete,1,3,England
7585181,Incomplete,3,3,England
7585182,Incomplete,1,2,England
7585183,Incomplete,2,3,England
7585185,Incomplete,1,2,England
7585187,Incomplete,1,2,England
7585190,Incomplete,1,2,England
7585193,Incomplete,1,2,England
7585196,Incomplete,1,2,England
7585198,Out,1,3,England
7585200,Incomplete,1,1,England
7585204,Incomplete,2,3,England
7585206,Goal,3,3,England
7585208,Goal,3,3,England
7585210,Goal,3,3,England
7585212,Incomplete,3,3,England
7585214,Saved,3,3,England
