caseID,result,start_Zone,end_Zone,opponent
75815,Incomplete,3,2,Denmark
75817,Goal,2,3,Denmark
758110,Incomplete,1,3,Denmark
758111,Out,1,3,Denmark
758113,Incomplete,1,2,Denmark
758114,Incomplete,2,3,Denmark
758115,Blocked,3,3,Denmark
758116,Incomplete,3,3,Denmark
758117,Incomplete,3,3,Denmark
758120,Incomplete,1,3,Denmark
758121,Incomplete,3,3,Denmark
758123,Incomplete,1,3,Denmark
758125,Incomplete,1,2,Denmark
758127,Incomplete,1,3,Denmark
758129,Blocked,2,3,Denmark
758130,Incomplete,3,3,Denmark
758133,Out,1,3,Denmark
758136,Incomplete,2,2,Denmark
758140,Incomplete,2,3,Denmark
758142,Incomplete,1,3,Denmark
758144,Incomplete,1,2,Denmark
758145,Incomplete,2,3,Denmark
758147,Saved,2,3,Denmark
758149,Incomplete,3,3,Denmark
758151,Incomplete,1,2,Denmark
758154,Blocked,1,3,Denmark
758156,Incomplete,2,2,Denmark
758158,Out,1,3,Denmark
758160,Incomplete,2,2,Denmark
758161,Incomplete,2,2,Denmark
758162,Incomplete,2,3,Denmark
758163,Off T,3,2,Denmark
758165,Incomplete,1,2,Denmark
758167,Incomplete,2,3,Denmark
758168,Incomplete,3,3,Denmark
758172,Incomplete,1,2,Denmark
758173,Incomplete,2,3,Denmark
758175,Saved,2,3,Denmark
758177,Incomplete,2,2,Denmark
758179,Injury Clearance,2,3,Denmark
758182,Incomplete,2,3,Denmark
758184,Incomplete,2,2,Denmark
758185,Off T,2,3,Denmark
758189,Out,2,3,Denmark
758191,Incomplete,1,1,Denmark
758192,Pass Offside,2,3,Denmark
758194,Incomplete,1,2,Denmark
758196,Incomplete,2,2,Denmark
758199,Incomplete,2,2,Denmark
7581100,Incomplete,3,3,Denmark
7581102,Out,1,2,Denmark
7581104,Incomplete,1,2,Denmark
7581106,Incomplete,1,2,Denmark
7581107,Incomplete,2,2,Denmark
7581110,Incomplete,1,2,Denmark
7581112,Incomplete,2,3,Denmark
7581115,Out,1,3,Denmark
7581117,Incomplete,2,2,Denmark
7581119,Out,1,2,Denmark
7581121,Incomplete,1,2,Denmark
7581123,Blocked,2,3,Denmark
7581124,Blocked,3,3,Denmark
7581125,Incomplete,2,2,Denmark
7581126,Out,2,3,Denmark
7581128,Incomplete,2,2,Denmark
7581129,Incomplete,2,3,Denmark
7581131,Incomplete,1,2,Denmark
7581134,Incomplete,1,1,Denmark
7581135,Incomplete,1,2,Denmark
7581137,Incomplete,1,2,Denmark
7581139,Incomplete,2,2,Denmark
7581140,Incomplete,2,3,Denmark
7581142,Incomplete,3,3,Denmark
7581144,Incomplete,1,3,Denmark
7581146,Incomplete,2,2,Denmark
7581147,Off T,1,3,Denmark
7581149,Saved,1,3,Denmark
7581151,Incomplete,2,2,Denmark
7581152,Incomplete,2,3,Denmark
7581154,Incomplete,1,1,Denmark
7581155,Off T,2,3,Denmark
7581157,Incomplete,2,3,Denmark
7581158,Incomplete,3,3,Denmark
7581160,Incomplete,2,3,Denmark
7581161,Blocked,3,3,Denmark
7581162,Incomplete,3,3,Denmark
7581164,Incomplete,1,2,Denmark
7581166,Incomplete,2,2,Denmark
7581167,Incomplete,2,2,Denmark
7581172,Off T,1,3,Denmark
7581175,Incomplete,1,2,Denmark
7581179,Incomplete,1,2,Denmark
7581183,Incomplete,1,2,Denmark
7581185,Incomplete,2,2,Denmark
7581187,Out,1,3,Denmark
7581189,Incomplete,2,3,Denmark
7581190,Incomplete,3,3,Denmark
7581192,Incomplete,2,3,Denmark
7581194,Out,2,3,Denmark
7581195,Incomplete,3,3,Denmark
7581196,Incomplete,3,3,Denmark
7581197,Incomplete,3,3,Denmark
7581199,Incomplete,2,3,Denmark
7581200,Incomplete,3,3,Denmark
7581201,Incomplete,2,3,Denmark
7581203,Blocked,2,3,Denmark
7581206,Incomplete,1,3,Denmark
7581208,Incomplete,1,2,Denmark
7581209,Incomplete,1,3,Denmark
7581213,Incomplete,1,2,Denmark
7581215,Out,1,2,Denmark
7581217,Incomplete,1,3,Denmark
7581218,Saved,3,3,Denmark
7581221,Saved,2,3,Denmark
7581223,Off T,1,3,Denmark
7581226,Saved,3,3,Denmark
7581228,Goal,3,3,Denmark
7581230,Goal,3,3,Denmark
7581232,Saved,3,3,Denmark
7581234,Goal,3,3,Denmark
75613,Incomplete,1,1,Iceland
75615,Incomplete,1,2,Iceland
75616,Incomplete,2,2,Iceland
75617,Incomplete,2,3,Iceland
75618,Incomplete,3,2,Iceland
756110,Out,1,2,Iceland
756113,Incomplete,2,2,Iceland
756115,Incomplete,2,3,Iceland
756117,Incomplete,2,3,Iceland
756119,Incomplete,1,2,Iceland
756122,Incomplete,1,2,Iceland
756123,Incomplete,2,2,Iceland
756124,Incomplete,2,3,Iceland
756126,Incomplete,1,3,Iceland
756127,Blocked,3,3,Iceland
756128,Out,3,3,Iceland
756130,Incomplete,2,2,Iceland
756132,Incomplete,1,3,Iceland
756135,Incomplete,1,2,Iceland
756137,Incomplete,1,2,Iceland
756140,Incomplete,1,2,Iceland
756141,Incomplete,1,2,Iceland
756144,Incomplete,1,2,Iceland
756147,Incomplete,1,3,Iceland
756150,Incomplete,2,2,Iceland
756154,Incomplete,1,2,Iceland
756155,Incomplete,2,3,Iceland
756157,Off T,3,3,Iceland
756159,Incomplete,2,3,Iceland
756161,Blocked,2,2,Iceland
756163,Incomplete,1,1,Iceland
756165,Incomplete,1,2,Iceland
756167,Off T,2,3,Iceland
756169,Incomplete,1,3,Iceland
756172,Incomplete,1,2,Iceland
756175,Incomplete,1,3,Iceland
756177,Incomplete,1,1,Iceland
756181,Incomplete,2,3,Iceland
756184,Incomplete,1,3,Iceland
756187,Incomplete,1,2,Iceland
756189,Incomplete,2,2,Iceland
756190,Incomplete,1,2,Iceland
756192,Incomplete,1,3,Iceland
756194,Incomplete,2,3,Iceland
756195,Incomplete,3,3,Iceland
756197,Goal,3,3,Iceland
7561102,Incomplete,1,2,Iceland
7561104,Incomplete,2,None,Iceland
7561107,Incomplete,2,3,Iceland
7561109,Incomplete,2,3,Iceland
7561110,Incomplete,3,3,Iceland
7561111,Incomplete,3,3,Iceland
7561112,Incomplete,3,3,Iceland
7561113,Incomplete,3,3,Iceland
7561115,Incomplete,1,1,Iceland
7561117,Incomplete,3,None,Iceland
7561119,Incomplete,1,1,Iceland
7561121,Blocked,1,3,Iceland
7561122,Incomplete,3,3,Iceland
7561124,Out,1,2,Iceland
7561127,Incomplete,1,2,Iceland
7561129,Incomplete,1,2,Iceland
7561131,Off T,1,3,Iceland
7561137,Incomplete,2,3,Iceland
7561142,Incomplete,2,3,Iceland
7561143,Incomplete,3,3,Iceland
7561144,Incomplete,3,3,Iceland
7561146,Incomplete,1,2,Iceland
7561149,Incomplete,1,2,Iceland
7561150,Off T,3,3,Iceland
7561151,Incomplete,2,3,Iceland
7561152,Incomplete,3,3,Iceland
7561153,Incomplete,2,3,Iceland
7561154,Off T,3,3,Iceland
7561155,Off T,2,3,Iceland
7561157,Incomplete,2,3,Iceland
7561159,Goal,3,3,Iceland
7561161,Off T,1,3,Iceland
7561163,Out,1,2,Iceland
7561167,Incomplete,1,2,Iceland
75294,Incomplete,1,2,Nigeria
75297,Incomplete,1,2,Nigeria
75298,Incomplete,3,3,Nigeria
752910,Incomplete,2,3,Nigeria
752912,Incomplete,2,3,Nigeria
752916,Incomplete,1,3,Nigeria
752918,Incomplete,2,2,Nigeria
752919,Incomplete,2,3,Nigeria
752921,Incomplete,2,3,Nigeria
752923,Incomplete,1,3,Nigeria
752924,Incomplete,3,3,Nigeria
752926,Incomplete,1,3,Nigeria
752928,Out,1,2,Nigeria
752931,Off T,1,3,Nigeria
752933,Incomplete,2,None,Nigeria
752935,Off T,2,3,Nigeria
752937,Incomplete,2,3,Nigeria
752938,Incomplete,3,3,Nigeria
752939,Incomplete,3,3,Nigeria
752940,Incomplete,3,3,Nigeria
752943,Incomplete,2,3,Nigeria
752945,Incomplete,1,3,Nigeria
752947,Incomplete,3,3,Nigeria
752949,Incomplete,2,3,Nigeria
752950,Incomplete,3,3,Nigeria
752952,Incomplete,2,3,Nigeria
752953,Out,3,3,Nigeria
752955,Incomplete,2,2,Nigeria
752957,Incomplete,2,2,Nigeria
752959,Incomplete,1,2,Nigeria
752961,Blocked,1,3,Nigeria
752962,Blocked,3,2,Nigeria
752964,Incomplete,1,1,Nigeria
752965,Incomplete,1,2,Nigeria
752967,Incomplete,2,2,Nigeria
752969,Out,1,3,Nigeria
752971,Incomplete,2,3,Nigeria
752972,Injury Clearance,3,3,Nigeria
752974,Incomplete,2,3,Nigeria
752978,Incomplete,1,2,Nigeria
752980,Incomplete,2,1,Nigeria
752987,Out,1,2,Nigeria
752989,Off T,2,3,Nigeria
752992,Out,3,2,Nigeria
752997,Incomplete,1,3,Nigeria
752999,Incomplete,2,3,Nigeria
7529101,Incomplete,3,2,Nigeria
7529103,Incomplete,1,1,Nigeria
7529104,Incomplete,1,3,Nigeria
7529107,Out,1,2,Nigeria
7529109,Incomplete,2,3,Nigeria
7529110,Incomplete,3,3,Nigeria
7529111,Off T,3,3,Nigeria
7529113,Incomplete,2,3,Nigeria
7529114,Incomplete,2,3,Nigeria
7529115,Incomplete,3,3,Nigeria
7529117,Incomplete,2,None,Nigeria
7529119,Incomplete,1,2,Nigeria
7529121,Incomplete,1,2,Nigeria
7529122,Incomplete,2,3,Nigeria
7529123,Incomplete,3,3,Nigeria
7529124,Goal,3,3,Nigeria
7529127,Incomplete,1,3,Nigeria
7529128,Blocked,3,3,Nigeria
7529130,Incomplete,2,3,Nigeria
7529132,Incomplete,1,2,Nigeria
7529134,Incomplete,1,3,Nigeria
7529136,Incomplete,2,3,Nigeria
7529137,Incomplete,3,3,Nigeria
7529140,Incomplete,1,3,Nigeria
7529142,Incomplete,2,3,Nigeria
7529144,Incomplete,2,2,Nigeria
7529145,Incomplete,2,2,Nigeria
7529146,Incomplete,2,3,Nigeria
7529148,Incomplete,1,2,Nigeria
7529154,Incomplete,1,2,Nigeria
7529158,Incomplete,1,1,Nigeria
7529160,Incomplete,2,3,Nigeria
7529161,Incomplete,3,3,Nigeria
7529163,Incomplete,2,2,Nigeria
7529164,Saved,3,3,Nigeria
7529166,Incomplete,1,3,Nigeria
7529168,Incomplete,2,3,Nigeria
86522,Incomplete,2,2,Russia
86525,Incomplete,1,3,Russia
86527,Out,1,2,Russia
86529,Out,2,2,Russia
865211,Out,1,2,Russia
865214,Incomplete,1,3,Russia
865215,Off T,3,3,Russia
865217,Incomplete,1,2,Russia
865218,Incomplete,2,3,Russia
865220,Incomplete,2,3,Russia
865221,Incomplete,3,3,Russia
865222,Incomplete,2,3,Russia
865224,Incomplete,2,3,Russia
865226,Incomplete,1,3,Russia
865228,Incomplete,1,3,Russia
865229,Incomplete,3,3,Russia
865230,Off T,3,3,Russia
865232,Incomplete,1,2,Russia
865234,Out,2,3,Russia
865237,Incomplete,1,2,Russia
865239,Out,1,2,Russia
865241,Incomplete,1,2,Russia
865243,Incomplete,2,1,Russia
865244,Incomplete,2,2,Russia
865246,Incomplete,2,3,Russia
865248,Out,2,3,Russia
865250,Incomplete,2,2,Russia
865251,Incomplete,2,2,Russia
865252,Off T,2,3,Russia
865255,Incomplete,1,3,Russia
865257,Incomplete,2,3,Russia
865259,Incomplete,1,2,Russia
865261,Blocked,2,3,Russia
865262,Incomplete,3,3,Russia
865264,Incomplete,1,2,Russia
865267,Incomplete,1,3,Russia
865270,Goal,3,3,Russia
865272,Incomplete,1,2,Russia
865275,Incomplete,1,3,Russia
865276,Out,2,3,Russia
865278,Incomplete,1,3,Russia
865280,Incomplete,1,2,Russia
865282,Incomplete,2,3,Russia
865284,Incomplete,2,3,Russia
865286,Incomplete,2,3,Russia
865287,Incomplete,3,3,Russia
865289,Incomplete,1,2,Russia
865291,Incomplete,1,2,Russia
865292,Incomplete,2,3,Russia
865294,Off T,3,3,Russia
865296,Incomplete,1,2,Russia
865298,Saved,2,3,Russia
8652100,Injury Clearance,1,1,Russia
8652102,Incomplete,1,3,Russia
8652104,Out,1,3,Russia
8652106,Off T,1,3,Russia
8652109,Incomplete,2,3,Russia
8652111,Incomplete,1,1,Russia
8652116,Blocked,2,3,Russia
8652117,Incomplete,3,3,Russia
8652120,Incomplete,1,3,Russia
8652122,Incomplete,2,3,Russia
8652124,Incomplete,2,3,Russia
8652126,Incomplete,2,3,Russia
8652128,Incomplete,1,2,Russia
8652130,Incomplete,2,2,Russia
8652132,Incomplete,1,2,Russia
8652134,Incomplete,1,2,Russia
8652136,Blocked,2,3,Russia
8652137,Off T,3,3,Russia
8652139,Incomplete,1,2,Russia
8652140,Out,2,3,Russia
8652142,Incomplete,1,2,Russia
8652144,Incomplete,2,3,Russia
8652145,Incomplete,3,3,Russia
8652146,Incomplete,3,3,Russia
8652148,Incomplete,1,2,Russia
8652151,Incomplete,1,3,Russia
8652154,Incomplete,2,3,Russia
8652155,Incomplete,3,1,Russia
8652158,Incomplete,1,3,Russia
8652159,Incomplete,3,3,Russia
8652160,Incomplete,3,3,Russia
8652161,Incomplete,3,3,Russia
8652162,Incomplete,3,3,Russia
8652165,Incomplete,1,2,Russia
8652166,Incomplete,2,2,Russia
8652169,Incomplete,1,2,Russia
8652170,Incomplete,2,3,Russia
8652172,Incomplete,2,3,Russia
8652173,Incomplete,1,2,Russia
8652175,Incomplete,2,2,Russia
8652177,Incomplete,1,1,Russia
8652178,Incomplete,1,2,Russia
8652180,Incomplete,2,3,Russia
8652182,Incomplete,1,2,Russia
8652183,Incomplete,2,3,Russia
8652184,Goal,3,3,Russia
8652186,Incomplete,1,2,Russia
8652191,Incomplete,1,3,Russia
8652194,Incomplete,1,2,Russia
8652196,Incomplete,2,2,Russia
8652200,Incomplete,2,2,Russia
8652201,Incomplete,2,2,Russia
8652202,Incomplete,3,3,Russia
8652204,Incomplete,2,3,Russia
8652205,Incomplete,3,3,Russia
8652206,Incomplete,3,3,Russia
8652209,Incomplete,1,2,Russia
8652210,Incomplete,2,3,Russia
8652211,Saved,3,3,Russia
8652215,Incomplete,3,None,Russia
8652216,Incomplete,3,3,Russia
8652217,Incomplete,3,2,Russia
8652220,Out,2,2,Russia
8652221,Incomplete,2,3,Russia
8652222,Off T,3,3,Russia
8652223,Incomplete,1,1,Russia
8652224,Incomplete,1,1,Russia
8652227,Incomplete,2,3,Russia
8652228,Incomplete,3,3,Russia
8652230,Incomplete,1,3,Russia
8652231,Incomplete,1,2,Russia
8652233,Goal,3,3,Russia
8652235,Saved,3,3,Russia
8652237,Goal,3,3,Russia
8652239,Goal,3,3,Russia
8652241,Goal,3,3,Russia
86563,Incomplete,2,2,England
86564,Incomplete,1,1,England
86565,Incomplete,1,3,England
86568,Incomplete,2,2,England
865611,Out,2,2,England
865613,Incomplete,2,3,England
865616,Incomplete,1,3,England
865617,Incomplete,3,3,England
865619,Out,1,3,England
865624,Incomplete,2,2,England
865628,Incomplete,1,2,England
865629,Incomplete,2,2,England
865632,Out,1,3,England
865634,Incomplete,3,3,England
865636,Incomplete,2,2,England
865637,Off T,2,3,England
865639,Blocked,1,2,England
865641,Incomplete,1,1,England
865642,Off T,1,3,England
865644,Incomplete,1,3,England
865646,Incomplete,1,3,England
865648,Incomplete,2,3,England
865650,Incomplete,1,3,England
865654,Incomplete,2,2,England
865655,Out,2,3,England
865659,Incomplete,1,2,England
865661,Saved,1,3,England
865663,Incomplete,1,2,England
865665,Incomplete,1,3,England
865666,Incomplete,3,3,England
865668,Incomplete,1,3,England
865669,Incomplete,3,3,England
865671,Incomplete,1,2,England
865673,Incomplete,2,2,England
865675,Incomplete,1,2,England
865678,Incomplete,1,2,England
865680,Incomplete,1,3,England
865681,Incomplete,3,3,England
865682,Incomplete,2,3,England
865685,Incomplete,1,2,England
865687,Off T,1,3,England
865689,Incomplete,1,2,England
865692,Incomplete,2,3,England
865693,Incomplete,3,3,England
865694,Incomplete,3,3,England
865696,Incomplete,2,2,England
865697,Incomplete,1,3,England
865699,Incomplete,2,3,England
8656101,Incomplete,1,2,England
8656103,Out,1,2,England
8656105,Incomplete,1,1,England
8656107,Out,2,3,England
8656109,Incomplete,1,2,England
8656111,Incomplete,1,3,England
8656112,Out,3,3,England
8656114,Out,1,2,England
8656116,Incomplete,3,3,England
8656117,Incomplete,3,3,England
8656120,Incomplete,1,3,England
8656122,Incomplete,2,3,England
8656124,Incomplete,2,3,England
8656125,Off T,3,3,England
8656127,Out,1,3,England
8656129,Incomplete,1,1,England
8656132,Incomplete,1,3,England
8656134,Incomplete,2,3,England
8656135,Incomplete,3,3,England
8656137,Blocked,1,3,England
8656139,Incomplete,2,2,England
8656140,Goal,3,3,England
8656142,Incomplete,1,3,England
8656144,Incomplete,1,2,England
8656146,Saved,3,3,England
8656148,Incomplete,1,3,England
8656150,Incomplete,3,3,England
8656151,Off T,3,3,England
8656153,Incomplete,2,3,England
8656154,Incomplete,3,2,England
8656155,Incomplete,1,3,England
8656158,Incomplete,1,1,England
8656160,Out,2,3,England
8656162,Incomplete,1,2,England
8656163,Incomplete,2,2,England
8656165,Incomplete,1,2,England
8656167,Incomplete,2,3,England
8656169,Saved,1,3,England
8656171,Off T,1,3,England
8656173,Incomplete,1,3,England
8656175,Incomplete,1,2,England
8656177,Out,2,3,England
8656179,Out,2,1,England
8656181,Out,1,2,England
8656183,Out,1,3,England
8656185,Off T,2,3,England
8656189,Incomplete,1,2,England
8656190,Incomplete,2,2,England
8656192,Out,1,1,England
8656196,Incomplete,1,2,England
8656198,Incomplete,2,2,England
8656200,Incomplete,1,3,England
8656203,Pass Offside,1,2,England
8656205,Incomplete,1,2,England
8656206,Blocked,3,3,England
8656210,Incomplete,1,1,England
8656211,Incomplete,1,2,England
8656212,Incomplete,2,2,England
8656213,Incomplete,3,3,England
8656215,Incomplete,1,2,England
8656217,Blocked,1,3,England
8656219,Saved,2,3,England
8656220,Incomplete,3,3,England
8656221,Incomplete,2,3,England
8656224,Incomplete,3,3,England
8656225,Incomplete,3,3,England
8656226,Off T,3,3,England
8656228,Incomplete,2,3,England
8656229,Goal,2,3,England
8656230,Incomplete,1,3,England
8656236,Blocked,1,3,England
8656237,Saved,3,3,England
8656241,Incomplete,1,2,England
8656243,Off T,1,3,England
8656246,Incomplete,1,2,England
8656248,Incomplete,1,2,England
8656249,Incomplete,2,3,England
86582,Incomplete,2,2,France
86586,Incomplete,1,2,France
86588,Incomplete,3,3,France
86589,Incomplete,2,3,France
865810,Incomplete,3,3,France
865812,Incomplete,2,3,France
865816,Incomplete,1,2,France
865817,Incomplete,2,2,France
865818,Incomplete,3,3,France
865819,Incomplete,3,3,France
865820,Incomplete,3,3,France
865822,Incomplete,2,3,France
865825,Incomplete,2,2,France
865828,Out,1,3,France
865830,Incomplete,2,3,France
865831,Incomplete,2,2,France
865832,Incomplete,2,3,France
865834,Incomplete,1,1,France
865837,Incomplete,2,3,France
865839,Off T,3,3,France
865842,Incomplete,1,2,France
865844,Incomplete,1,3,France
865845,Off T,3,3,France
865847,Out,1,2,France
865850,Out,2,2,France
865852,Incomplete,1,2,France
865853,Goal,3,3,France
865857,Out,2,3,France
865859,Out,2,3,France
865861,Incomplete,3,3,France
865863,Incomplete,2,2,France
865864,Incomplete,2,3,France
865868,Incomplete,2,3,France
865870,Incomplete,1,2,France
865871,Incomplete,2,3,France
865872,Incomplete,3,3,France
865873,Incomplete,2,3,France
865874,Blocked,3,3,France
865875,Incomplete,3,3,France
865876,Incomplete,3,3,France
865877,Off T,3,3,France
865879,Incomplete,2,2,France
865881,Incomplete,2,3,France
865883,Incomplete,1,2,France
865884,Incomplete,1,2,France
865885,Incomplete,2,3,France
865889,Incomplete,1,3,France
865891,Saved,1,3,France
865892,Incomplete,3,3,France
865894,Incomplete,1,3,France
865896,Incomplete,1,2,France
865898,Incomplete,3,3,France
865899,Off T,3,3,France
8658101,Incomplete,2,3,France
8658102,Incomplete,2,3,France
8658103,Incomplete,3,3,France
8658105,Incomplete,2,3,France
8658107,Incomplete,1,2,France
8658109,Incomplete,3,3,France
8658111,Incomplete,1,1,France
8658112,Incomplete,1,1,France
8658113,Incomplete,1,2,France
8658115,Incomplete,2,3,France
8658118,Incomplete,2,2,France
8658119,Incomplete,2,3,France
8658121,Out,2,3,France
8658123,Incomplete,2,2,France
8658128,Incomplete,1,2,France
8658129,Blocked,2,2,France
8658131,Incomplete,1,3,France
8658133,Incomplete,3,3,France
8658136,Incomplete,1,2,France
8658138,Goal,3,3,France
8658139,Out,2,3,France
8658141,Out,2,3,France
8658146,Incomplete,2,3,France
8658148,Off T,2,3,France
8658151,Blocked,1,3,France
8658153,Incomplete,1,3,France
8658155,Incomplete,2,3,France
8658156,Incomplete,3,3,France
8658158,Incomplete,2,3,France
8658159,Incomplete,1,2,France
8658160,Incomplete,3,3,France
8658163,Incomplete,2,3,France
8658165,Out,3,3,France
8658167,Incomplete,1,2,France
8658170,Incomplete,1,3,France
8658172,Off T,1,3,France
8658174,Incomplete,1,2,France
8658175,Incomplete,2,3,France
8658179,Incomplete,1,2,France
8658181,Incomplete,1,2,France
8658184,Incomplete,1,3,France
8658185,Incomplete,3,None,France
8658187,Incomplete,2,3,France
75452,Incomplete,2,2,Argentina
75454,Incomplete,1,2,Argentina
75456,Incomplete,1,2,Argentina
75458,Incomplete,1,2,Argentina
754510,Incomplete,2,2,Argentina
754511,Saved,3,3,Argentina
754512,Pass Offside,3,3,Argentina
754517,Incomplete,1,2,Argentina
754518,Incomplete,2,3,Argentina
754521,Incomplete,2,3,Argentina
754523,Incomplete,1,None,Argentina
754527,Incomplete,2,3,Argentina
754529,Incomplete,2,3,Argentina
754530,Incomplete,2,2,Argentina
754532,Incomplete,2,2,Argentina
754535,Out,2,3,Argentina
754538,Incomplete,2,3,Argentina
754539,Blocked,3,3,Argentina
754541,Out,1,1,Argentina
754543,Incomplete,3,3,Argentina
754544,Incomplete,3,3,Argentina
754547,Incomplete,2,3,Argentina
754548,Incomplete,3,3,Argentina
754549,Incomplete,3,1,Argentina
754550,Incomplete,1,3,Argentina
754553,Incomplete,1,2,Argentina
754555,Out,2,1,Argentina
754557,Incomplete,2,1,Argentina
754558,Off T,2,3,Argentina
754560,Incomplete,1,2,Argentina
754567,Incomplete,1,2,Argentina
754569,Incomplete,1,3,Argentina
754571,Incomplete,1,2,Argentina
754572,Incomplete,1,2,Argentina
754574,Incomplete,1,2,Argentina
754576,Incomplete,1,2,Argentina
754577,Incomplete,2,3,Argentina
754579,Incomplete,1,1,Argentina
754580,Incomplete,1,3,Argentina
754582,Incomplete,2,2,Argentina
754583,Incomplete,2,2,Argentina
754585,Off T,1,3,Argentina
754587,Incomplete,2,2,Argentina
754588,Incomplete,2,3,Argentina
754589,Incomplete,3,3,Argentina
754591,Incomplete,2,2,Argentina
754593,Incomplete,2,2,Argentina
754595,Incomplete,1,1,Argentina
754596,Incomplete,2,2,Argentina
754598,Incomplete,1,2,Argentina
7545102,Incomplete,2,2,Argentina
7545105,Out,2,2,Argentina
7545107,Goal,3,3,Argentina
7545110,Incomplete,2,3,Argentina
7545111,Out,3,3,Argentina
7545113,Incomplete,2,2,Argentina
7545114,Incomplete,2,2,Argentina
7545116,Incomplete,1,2,Argentina
7545118,Incomplete,2,3,Argentina
7545119,Incomplete,3,3,Argentina
7545120,Incomplete,2,2,Argentina
7545121,Incomplete,2,2,Argentina
7545123,Incomplete,2,None,Argentina
7545124,Incomplete,2,2,Argentina
7545128,Incomplete,1,2,Argentina
7545132,Incomplete,1,2,Argentina
7545134,Incomplete,1,2,Argentina
7545135,Off T,3,3,Argentina
7545137,Incomplete,2,2,Argentina
7545139,Incomplete,2,2,Argentina
7545142,Pass Offside,1,3,Argentina
7545145,Incomplete,2,3,Argentina
7545147,Incomplete,1,2,Argentina
7545148,Out,2,2,Argentina
7545150,Incomplete,2,3,Argentina
7545153,Incomplete,1,2,Argentina
7545155,Incomplete,2,3,Argentina
7545162,Incomplete,1,2,Argentina
7545164,Incomplete,1,2,Argentina
7545166,Blocked,2,3,Argentina
7545168,Goal,2,3,Argentina
7545173,Incomplete,1,2,Argentina
7545174,Incomplete,2,3,Argentina
7545175,Off T,3,3,Argentina
7545177,Incomplete,2,3,Argentina
7545179,Out,2,2,Argentina
7545181,Incomplete,2,2,Argentina
7545182,Blocked,2,3,Argentina
7545185,Goal,2,3,Argentina
7545187,Incomplete,2,2,Argentina
7545191,Incomplete,1,2,Argentina
