caseID,result,start_Zone,end_Zone,opponent
86573,Incomplete,2,2,Belgium
86574,Incomplete,2,3,Belgium
86576,Incomplete,1,2,Belgium
86578,Incomplete,2,2,Belgium
865710,Incomplete,2,2,Belgium
865713,Incomplete,2,2,Belgium
865715,Incomplete,2,3,Belgium
865717,Incomplete,2,2,Belgium
865719,Incomplete,1,3,Belgium
865720,Incomplete,2,3,Belgium
865722,Blocked,2,3,Belgium
865725,Incomplete,1,2,Belgium
865727,Incomplete,1,1,Belgium
865729,Saved,2,3,Belgium
865731,Saved,3,3,Belgium
865733,Incomplete,2,3,Belgium
865735,Incomplete,2,3,Belgium
865736,Saved,3,3,Belgium
865738,Incomplete,1,3,Belgium
865740,Off T,1,3,Belgium
865741,Off T,3,3,Belgium
865743,Out,2,3,Belgium
865745,Incomplete,1,2,Belgium
865746,Incomplete,2,3,Belgium
865748,Incomplete,1,3,Belgium
865751,Incomplete,1,3,Belgium
865753,Incomplete,2,2,Belgium
865754,Incomplete,2,3,Belgium
865757,Incomplete,1,2,Belgium
865760,Incomplete,1,3,Belgium
865761,Out,3,3,Belgium
865763,Incomplete,2,2,Belgium
865766,Incomplete,1,2,Belgium
865768,Incomplete,1,3,Belgium
865770,Incomplete,2,3,Belgium
865772,Incomplete,2,3,Belgium
865775,Incomplete,2,3,Belgium
865777,Incomplete,1,3,Belgium
865778,Incomplete,3,3,Belgium
865779,Incomplete,3,3,Belgium
865782,Incomplete,1,3,Belgium
865783,Incomplete,3,3,Belgium
865784,Blocked,3,3,Belgium
865786,Incomplete,2,3,Belgium
865788,Incomplete,1,3,Belgium
865790,Incomplete,2,3,Belgium
865793,Incomplete,2,2,Belgium
865797,Incomplete,1,3,Belgium
865798,Incomplete,3,3,Belgium
8657100,Incomplete,2,3,Belgium
8657101,Saved,2,3,Belgium
8657103,Blocked,1,3,Belgium
8657104,Off T,3,3,Belgium
8657106,Incomplete,1,2,Belgium
8657107,Incomplete,2,3,Belgium
8657108,Incomplete,3,3,Belgium
8657109,Incomplete,3,3,Belgium
8657110,Off T,3,3,Belgium
8657112,Off T,3,3,Belgium
8657115,Incomplete,1,2,Belgium
8657117,Incomplete,2,3,Belgium
8657119,Incomplete,1,3,Belgium
8657121,Incomplete,2,3,Belgium
8657122,Incomplete,3,3,Belgium
8657123,Incomplete,2,3,Belgium
8657125,Saved,3,3,Belgium
8657127,Incomplete,2,3,Belgium
8657129,Incomplete,2,3,Belgium
8657131,Incomplete,1,1,Belgium
8657132,Incomplete,2,2,Belgium
8657133,Incomplete,2,3,Belgium
8657135,Incomplete,1,3,Belgium
8657137,Incomplete,1,3,Belgium
8657140,Incomplete,2,3,Belgium
8657142,Incomplete,1,3,Belgium
86562,Incomplete,2,2,Croatia
86566,Incomplete,1,2,Croatia
86567,Out,2,3,Croatia
86569,Incomplete,1,3,Croatia
865610,Goal,3,3,Croatia
865612,Incomplete,2,2,Croatia
865614,Incomplete,1,3,Croatia
865615,Incomplete,3,3,Croatia
865618,Incomplete,1,3,Croatia
865620,Incomplete,2,2,Croatia
865621,Incomplete,2,3,Croatia
865622,Incomplete,2,2,Croatia
865623,Incomplete,3,3,Croatia
865625,Incomplete,2,2,Croatia
865626,Incomplete,3,3,Croatia
865627,Off T,3,3,Croatia
865630,Incomplete,2,2,Croatia
865631,Incomplete,2,3,Croatia
865633,Incomplete,1,1,Croatia
865635,Out,1,2,Croatia
865638,Incomplete,2,3,Croatia
865640,Incomplete,2,3,Croatia
865643,Incomplete,1,3,Croatia
865645,Incomplete,1,2,Croatia
865647,Incomplete,1,2,Croatia
865649,Incomplete,1,2,Croatia
865651,Incomplete,1,2,Croatia
865652,Incomplete,3,3,Croatia
865653,Incomplete,3,2,Croatia
865656,Incomplete,1,2,Croatia
865657,Incomplete,2,3,Croatia
865658,Pass Offside,3,3,Croatia
865660,Out,2,3,Croatia
865662,Incomplete,1,3,Croatia
865664,Incomplete,2,3,Croatia
865667,Incomplete,1,3,Croatia
865670,Incomplete,1,3,Croatia
865672,Incomplete,2,2,Croatia
865674,Off T,2,3,Croatia
865676,Incomplete,2,3,Croatia
865677,Blocked,3,3,Croatia
865679,Out,2,3,Croatia
865683,Incomplete,1,1,Croatia
865684,Out,2,3,Croatia
865686,Incomplete,2,3,Croatia
865688,Incomplete,3,3,Croatia
865690,Incomplete,2,2,Croatia
865691,Incomplete,3,2,Croatia
865695,Incomplete,1,2,Croatia
865698,Incomplete,1,2,Croatia
8656100,Incomplete,1,3,Croatia
8656102,Out,2,3,Croatia
8656104,Out,2,3,Croatia
8656106,Incomplete,3,2,Croatia
8656108,Incomplete,1,3,Croatia
8656110,Out,2,3,Croatia
8656113,Incomplete,1,3,Croatia
8656115,Incomplete,2,2,Croatia
8656118,Blocked,1,3,Croatia
8656119,Incomplete,3,3,Croatia
8656121,Incomplete,1,2,Croatia
8656123,Incomplete,2,2,Croatia
8656126,Incomplete,1,3,Croatia
8656128,Incomplete,1,3,Croatia
8656130,Incomplete,2,3,Croatia
8656131,Incomplete,3,3,Croatia
8656133,Out,1,1,Croatia
8656136,Incomplete,1,3,Croatia
8656138,Off T,1,3,Croatia
8656141,Incomplete,2,3,Croatia
8656143,Out,1,3,Croatia
8656145,Incomplete,2,2,Croatia
8656147,Incomplete,1,3,Croatia
8656149,Incomplete,1,1,Croatia
8656152,Out,1,2,Croatia
8656156,Incomplete,1,3,Croatia
8656157,Incomplete,3,3,Croatia
8656159,Off T,3,3,Croatia
8656161,Out,3,3,Croatia
8656164,Out,2,3,Croatia
8656166,Incomplete,2,2,Croatia
8656168,Incomplete,1,3,Croatia
8656170,Incomplete,1,3,Croatia
8656172,Incomplete,1,3,Croatia
8656174,Incomplete,1,3,Croatia
8656176,Incomplete,2,2,Croatia
8656178,Incomplete,1,2,Croatia
8656180,Incomplete,3,3,Croatia
8656182,Out,2,3,Croatia
8656184,Incomplete,1,2,Croatia
8656186,Incomplete,1,3,Croatia
8656187,Incomplete,3,3,Croatia
8656188,Off T,3,3,Croatia
8656191,Incomplete,2,3,Croatia
8656193,Incomplete,3,2,Croatia
8656194,Incomplete,2,3,Croatia
8656195,Incomplete,3,3,Croatia
8656197,Incomplete,2,3,Croatia
8656199,Incomplete,3,3,Croatia
8656201,Blocked,1,3,Croatia
8656202,Blocked,3,3,Croatia
8656204,Incomplete,2,3,Croatia
8656207,Incomplete,2,2,Croatia
8656208,Incomplete,2,3,Croatia
8656209,Incomplete,2,3,Croatia
8656214,Out,1,3,Croatia
8656216,Incomplete,2,3,Croatia
8656218,Incomplete,1,None,Croatia
8656222,Incomplete,1,3,Croatia
8656223,Out,2,1,Croatia
8656227,Incomplete,1,2,Croatia
8656231,Incomplete,1,3,Croatia
8656232,Incomplete,3,3,Croatia
8656233,Incomplete,1,3,Croatia
8656239,Incomplete,1,3,Croatia
8656240,Out,3,3,Croatia
8656242,Incomplete,1,2,Croatia
8656244,Incomplete,1,3,Croatia
8656245,Incomplete,3,3,Croatia
8656247,Incomplete,1,3,Croatia
8656250,Incomplete,1,2,Croatia
8656251,Incomplete,2,3,Croatia
8656252,Incomplete,3,3,Croatia
86513,Incomplete,1,2,Sweden
86515,Incomplete,2,3,Sweden
86516,Incomplete,3,3,Sweden
86518,Incomplete,2,2,Sweden
865110,Incomplete,1,2,Sweden
865112,Incomplete,1,3,Sweden
865113,Out,2,3,Sweden
865115,Incomplete,1,2,Sweden
865116,Incomplete,2,2,Sweden
865121,Incomplete,2,2,Sweden
865123,Out,1,2,Sweden
865125,Incomplete,1,3,Sweden
865126,Incomplete,3,3,Sweden
865129,Incomplete,1,1,Sweden
865131,Incomplete,1,3,Sweden
865133,Incomplete,2,3,Sweden
865136,Incomplete,1,2,Sweden
865138,Out,1,3,Sweden
865141,Incomplete,1,3,Sweden
865144,Off T,1,3,Sweden
865146,Incomplete,2,3,Sweden
865149,Incomplete,1,3,Sweden
865151,Incomplete,2,3,Sweden
865152,Incomplete,1,3,Sweden
865154,Incomplete,2,2,Sweden
865156,Incomplete,1,3,Sweden
865158,Incomplete,2,3,Sweden
865159,Incomplete,3,3,Sweden
865160,Goal,3,3,Sweden
865162,Out,1,3,Sweden
865164,Out,2,2,Sweden
865166,Incomplete,2,3,Sweden
865167,Off T,3,3,Sweden
865168,Incomplete,1,2,Sweden
865172,Incomplete,1,2,Sweden
865175,Out,2,3,Sweden
865177,Incomplete,2,2,Sweden
865178,Incomplete,2,2,Sweden
865180,Incomplete,1,3,Sweden
865183,Incomplete,1,3,Sweden
865185,Pass Offside,2,3,Sweden
865187,Blocked,2,3,Sweden
865188,Incomplete,3,3,Sweden
865189,Incomplete,3,3,Sweden
865190,Out,2,3,Sweden
865193,Incomplete,1,3,Sweden
865195,Incomplete,2,2,Sweden
865196,Incomplete,2,3,Sweden
865198,Out,2,3,Sweden
8651100,Incomplete,1,2,Sweden
8651102,Out,1,3,Sweden
8651104,Incomplete,3,3,Sweden
8651105,Blocked,3,3,Sweden
8651107,Incomplete,2,3,Sweden
8651109,Incomplete,3,2,Sweden
8651111,Blocked,2,3,Sweden
8651112,Incomplete,3,3,Sweden
8651113,Blocked then Goal,3,3,Sweden
8651115,Out,2,3,Sweden
8651118,Incomplete,1,3,Sweden
8651120,Incomplete,1,2,Sweden
8651122,Out,1,3,Sweden
8651124,Incomplete,2,3,Sweden
8651125,Off T,3,3,Sweden
8651127,Out,1,2,Sweden
8651128,Incomplete,2,2,Sweden
8651130,Blocked,2,3,Sweden
8651131,Out,3,3,Sweden
8651134,Incomplete,1,3,Sweden
8651137,Incomplete,1,2,Sweden
8651139,Out,2,3,Sweden
8651141,Incomplete,1,2,Sweden
8651143,Incomplete,2,2,Sweden
8651145,Out,3,3,Sweden
8651148,Incomplete,1,3,Sweden
8651149,Incomplete,2,2,Sweden
8651152,Injury Clearance,2,3,Sweden
8651154,Incomplete,1,2,Sweden
8651156,Blocked,3,3,Sweden
8651157,Out,3,3,Sweden
8651158,Incomplete,2,3,Sweden
8651159,Incomplete,3,3,Sweden
8651161,Out,1,3,Sweden
8651163,Incomplete,2,3,Sweden
8651167,Incomplete,1,3,Sweden
8651169,Out,1,3,Sweden
8651171,Incomplete,1,3,Sweden
8651172,Incomplete,3,3,Sweden
8651174,Incomplete,1,2,Sweden
8651175,Incomplete,3,3,Sweden
8651177,Incomplete,1,2,Sweden
75372,Incomplete,2,3,Tunisia
75374,Incomplete,2,3,Tunisia
75376,Saved,3,3,Tunisia
75377,Off T,3,3,Tunisia
75379,Pass Offside,2,3,Tunisia
753712,Incomplete,1,2,Tunisia
753713,Incomplete,2,3,Tunisia
753715,Incomplete,1,1,Tunisia
753716,Blocked,2,3,Tunisia
753717,Goal,3,3,Tunisia
753719,Out,1,2,Tunisia
753722,Incomplete,2,1,Tunisia
753723,Incomplete,1,3,Tunisia
753725,Saved,2,3,Tunisia
753727,Incomplete,2,2,Tunisia
753730,Out,1,3,Tunisia
753732,Incomplete,1,1,Tunisia
753733,Incomplete,1,3,Tunisia
753734,Incomplete,3,3,Tunisia
753736,Incomplete,2,3,Tunisia
753739,Off T,1,3,Tunisia
753741,Incomplete,2,1,Tunisia
753742,Incomplete,2,3,Tunisia
753744,Incomplete,1,2,Tunisia
753745,Incomplete,1,1,Tunisia
753748,Incomplete,1,2,Tunisia
753749,Incomplete,2,2,Tunisia
753750,Incomplete,3,3,Tunisia
753751,Incomplete,3,3,Tunisia
753752,Saved,3,3,Tunisia
753754,Incomplete,3,3,Tunisia
753756,Incomplete,2,2,Tunisia
753757,Incomplete,2,3,Tunisia
753760,Incomplete,1,3,Tunisia
753761,Incomplete,2,2,Tunisia
753763,Incomplete,2,3,Tunisia
753764,Blocked,3,3,Tunisia
753765,Incomplete,3,None,Tunisia
753767,Incomplete,3,None,Tunisia
753769,Incomplete,2,2,Tunisia
753771,Incomplete,2,3,Tunisia
753772,Incomplete,3,3,Tunisia
753775,Blocked,3,3,Tunisia
753776,Incomplete,3,3,Tunisia
753778,Incomplete,2,3,Tunisia
753780,Incomplete,2,3,Tunisia
753782,Out,1,2,Tunisia
753784,Incomplete,2,2,Tunisia
753785,Incomplete,2,3,Tunisia
753787,Incomplete,2,2,Tunisia
753789,Incomplete,1,2,Tunisia
753791,Incomplete,1,2,Tunisia
753792,Incomplete,2,3,Tunisia
753795,Out,2,3,Tunisia
753797,Incomplete,1,3,Tunisia
753799,Saved,3,3,Tunisia
7537102,Incomplete,1,3,Tunisia
7537103,Incomplete,2,3,Tunisia
7537105,Incomplete,3,3,Tunisia
7537108,Out,1,3,Tunisia
7537110,Incomplete,1,3,Tunisia
7537112,Incomplete,3,3,Tunisia
7537114,Incomplete,1,2,Tunisia
7537115,Incomplete,3,3,Tunisia
7537117,Incomplete,3,3,Tunisia
7537119,Incomplete,2,3,Tunisia
7537120,Incomplete,3,3,Tunisia
7537121,Incomplete,3,3,Tunisia
7537122,Incomplete,3,3,Tunisia
7537124,Incomplete,1,2,Tunisia
7537126,Incomplete,2,3,Tunisia
7537128,Incomplete,1,2,Tunisia
7537130,Out,2,3,Tunisia
7537132,Incomplete,2,2,Tunisia
7537133,Incomplete,2,3,Tunisia
7537134,Off T,3,3,Tunisia
7537136,Incomplete,2,3,Tunisia
7537137,Incomplete,3,3,Tunisia
7537139,Incomplete,1,3,Tunisia
7537141,Incomplete,1,3,Tunisia
7537143,Out,2,3,Tunisia
7537145,Incomplete,2,3,Tunisia
7537147,Incomplete,2,3,Tunisia
7537148,Incomplete,3,3,Tunisia
7537149,Off T,3,3,Tunisia
7537151,Incomplete,3,2,Tunisia
7537152,Incomplete,3,3,Tunisia
7537156,Incomplete,2,3,Tunisia
7537157,Incomplete,3,3,Tunisia
7537159,Incomplete,2,3,Tunisia
7537160,Incomplete,3,3,Tunisia
7537161,Incomplete,3,3,Tunisia
7537163,Incomplete,2,3,Tunisia
7537165,Incomplete,2,3,Tunisia
7537167,Incomplete,1,3,Tunisia
7537168,Goal,3,3,Tunisia
7537171,Incomplete,1,3,Tunisia
75542,Incomplete,2,3,Panama
75545,Incomplete,1,2,Panama
75547,Incomplete,1,3,Panama
755410,Incomplete,1,3,Panama
755411,Goal,3,3,Panama
755414,Incomplete,2,2,Panama
755415,Incomplete,2,2,Panama
755418,Incomplete,1,3,Panama
755421,Incomplete,1,3,Panama
755425,Incomplete,2,2,Panama
755427,Incomplete,1,1,Panama
755429,Out,1,3,Panama
755431,Incomplete,2,3,Panama
755432,Goal,3,3,Panama
755435,Incomplete,2,3,Panama
755438,Pass Offside,1,3,Panama
755440,Incomplete,1,3,Panama
755443,Incomplete,1,1,Panama
755444,Incomplete,1,2,Panama
755445,Out,2,3,Panama
755447,Incomplete,1,3,Panama
755448,Incomplete,2,3,Panama
755450,Goal,1,3,Panama
755453,Incomplete,1,2,Panama
755455,Incomplete,1,3,Panama
755456,Goal,3,3,Panama
755458,Blocked,1,3,Panama
755459,Incomplete,3,3,Panama
755460,Goal,3,3,Panama
755462,Injury Clearance,1,3,Panama
755464,Incomplete,1,2,Panama
755466,Incomplete,1,1,Panama
755468,Incomplete,2,2,Panama
755470,Incomplete,2,2,Panama
755472,Incomplete,2,3,Panama
755474,Incomplete,1,3,Panama
755476,Incomplete,1,1,Panama
755478,Incomplete,1,2,Panama
755479,Incomplete,2,3,Panama
755480,Incomplete,3,3,Panama
755481,Out,3,3,Panama
755484,Incomplete,1,3,Panama
755486,Pass Offside,2,3,Panama
755488,Incomplete,1,3,Panama
755491,Blocked then Goal,1,3,Panama
755494,Incomplete,3,3,Panama
755497,Incomplete,2,3,Panama
755499,Off T,3,3,Panama
7554101,Incomplete,2,3,Panama
7554104,Incomplete,1,3,Panama
7554107,Incomplete,2,2,Panama
7554108,Incomplete,2,3,Panama
7554109,Out,3,2,Panama
7554110,Off T,3,3,Panama
7554112,Incomplete,2,2,Panama
7554113,Out,2,2,Panama
7554115,Incomplete,1,3,Panama
7554118,Incomplete,2,3,Panama
7554120,Incomplete,3,3,Panama
7554122,Incomplete,2,3,Panama
7554123,Out,2,3,Panama
7554125,Incomplete,2,3,Panama
7554126,Incomplete,3,2,Panama
7554129,Incomplete,1,2,Panama
7554131,Incomplete,1,1,Panama
75702,Out,2,3,Belgium
75705,Out,2,3,Belgium
75707,Incomplete,3,None,Belgium
757010,Incomplete,1,3,Belgium
757012,Incomplete,2,3,Belgium
757013,Pass Offside,3,3,Belgium
757016,Incomplete,1,1,Belgium
757018,Incomplete,2,3,Belgium
757019,Incomplete,3,3,Belgium
757020,Incomplete,3,3,Belgium
757021,Incomplete,3,3,Belgium
757023,Incomplete,1,3,Belgium
757025,Incomplete,1,2,Belgium
757027,Incomplete,2,3,Belgium
757028,Blocked,3,3,Belgium
757029,Incomplete,3,3,Belgium
757031,Off T,2,3,Belgium
757033,Incomplete,2,3,Belgium
757035,Incomplete,1,2,Belgium
757037,Incomplete,2,3,Belgium
757040,Incomplete,1,1,Belgium
757041,Incomplete,2,3,Belgium
757043,Incomplete,3,3,Belgium
757044,Pass Offside,3,3,Belgium
757046,Incomplete,2,3,Belgium
757047,Incomplete,3,3,Belgium
757050,Incomplete,1,2,Belgium
757052,Incomplete,1,1,Belgium
757054,Incomplete,1,2,Belgium
757057,Incomplete,1,2,Belgium
757059,Incomplete,2,3,Belgium
757061,Incomplete,2,3,Belgium
757062,Incomplete,3,3,Belgium
757063,Out,2,3,Belgium
757065,Incomplete,2,3,Belgium
757066,Incomplete,3,3,Belgium
757067,Off T,3,3,Belgium
757070,Incomplete,1,3,Belgium
757073,Out,1,2,Belgium
757075,Incomplete,1,2,Belgium
757077,Incomplete,1,3,Belgium
757079,Incomplete,1,2,Belgium
757080,Incomplete,2,3,Belgium
757082,Incomplete,2,2,Belgium
757084,Incomplete,1,2,Belgium
757085,Incomplete,2,3,Belgium
757086,Incomplete,3,3,Belgium
757089,Incomplete,1,2,Belgium
757091,Off T,2,3,Belgium
757093,Incomplete,2,3,Belgium
757095,Incomplete,1,2,Belgium
757097,Out,2,2,Belgium
757098,Incomplete,2,2,Belgium
757099,Blocked,3,2,Belgium
7570100,Incomplete,2,2,Belgium
7570102,Incomplete,2,2,Belgium
7570106,Incomplete,1,2,Belgium
7570109,Incomplete,1,3,Belgium
7570111,Out,3,3,Belgium
7570113,Pass Offside,1,3,Belgium
7570115,Incomplete,2,2,Belgium
7570117,Incomplete,2,3,Belgium
7570119,Incomplete,1,1,Belgium
7570121,Saved,1,3,Belgium
7570122,Incomplete,3,3,Belgium
7570123,Off T,3,3,Belgium
7570125,Incomplete,2,2,Belgium
7570127,Incomplete,1,3,Belgium
7570129,Blocked,1,3,Belgium
7570132,Incomplete,1,3,Belgium
7570134,Incomplete,1,3,Belgium
7570135,Incomplete,2,3,Belgium
7570136,Incomplete,3,3,Belgium
7570140,Incomplete,1,3,Belgium
7570142,Incomplete,2,3,Belgium
7570143,Off T,3,3,Belgium
7570145,Incomplete,1,3,Belgium
7570146,Blocked,3,3,Belgium
7570147,Incomplete,3,3,Belgium
7570149,Incomplete,2,3,Belgium
7570151,Out,2,3,Belgium
7570153,Incomplete,2,1,Belgium
7570154,Incomplete,2,2,Belgium
7570156,Incomplete,3,None,Belgium
7570157,Off T,3,3,Belgium
7570159,Incomplete,1,3,Belgium
7570163,Incomplete,1,3,Belgium
7570165,Incomplete,1,3,Belgium
7570167,Incomplete,1,3,Belgium
75853,Incomplete,1,2,Colombia
75855,Incomplete,1,3,Colombia
75857,Incomplete,1,2,Colombia
75858,Incomplete,2,3,Colombia
758510,Incomplete,1,3,Colombia
758511,Saved,3,3,Colombia
758512,Incomplete,3,3,Colombia
758515,Blocked,2,3,Colombia
758516,Incomplete,3,3,Colombia
758518,Incomplete,1,2,Colombia
758519,Incomplete,2,3,Colombia
758521,Incomplete,2,3,Colombia
758522,Incomplete,3,3,Colombia
758524,Incomplete,2,2,Colombia
758525,Incomplete,2,2,Colombia
758526,Incomplete,2,3,Colombia
758528,Blocked,2,3,Colombia
758530,Incomplete,2,2,Colombia
758533,Incomplete,1,2,Colombia
758535,Off T,2,3,Colombia
758537,Incomplete,2,3,Colombia
758539,Incomplete,1,1,Colombia
758540,Incomplete,1,3,Colombia
758541,Incomplete,2,3,Colombia
758543,Incomplete,2,3,Colombia
758545,Incomplete,1,3,Colombia
758548,Incomplete,2,3,Colombia
758549,Incomplete,3,3,Colombia
758550,Incomplete,3,3,Colombia
758551,Incomplete,3,3,Colombia
758555,Blocked,1,3,Colombia
758557,Incomplete,1,3,Colombia
758559,Incomplete,2,3,Colombia
758561,Incomplete,1,1,Colombia
758563,Incomplete,2,3,Colombia
758565,Incomplete,1,2,Colombia
758567,Out,1,3,Colombia
758569,Incomplete,1,3,Colombia
758570,Off T,3,3,Colombia
758572,Incomplete,1,2,Colombia
758575,Incomplete,1,2,Colombia
758577,Off T,3,3,Colombia
758580,Off T,1,3,Colombia
758582,Out,1,3,Colombia
758583,Incomplete,2,3,Colombia
758585,Incomplete,1,3,Colombia
758587,Incomplete,1,3,Colombia
758589,Incomplete,1,3,Colombia
758591,Incomplete,1,3,Colombia
758592,Incomplete,3,3,Colombia
758593,Incomplete,3,3,Colombia
758594,Incomplete,3,3,Colombia
758595,Goal,3,3,Colombia
758598,Incomplete,2,3,Colombia
7585101,Incomplete,2,3,Colombia
7585102,Incomplete,3,3,Colombia
7585103,Off T,3,3,Colombia
7585104,Incomplete,2,2,Colombia
7585105,Out,1,3,Colombia
7585107,Incomplete,2,3,Colombia
7585108,Incomplete,3,3,Colombia
7585110,Incomplete,2,3,Colombia
7585114,Out,1,3,Colombia
7585116,Incomplete,1,3,Colombia
7585118,Incomplete,2,3,Colombia
7585119,Off T,3,3,Colombia
7585121,Incomplete,2,2,Colombia
7585122,Pass Offside,3,3,Colombia
7585124,Incomplete,1,2,Colombia
7585126,Incomplete,1,3,Colombia
7585128,Incomplete,1,2,Colombia
7585129,Incomplete,2,2,Colombia
7585131,Incomplete,3,3,Colombia
7585133,Off T,3,3,Colombia
7585136,Incomplete,1,3,Colombia
7585138,Out,3,3,Colombia
7585140,Out,2,2,Colombia
7585142,Incomplete,3,3,Colombia
7585145,Out,2,3,Colombia
7585147,Incomplete,3,2,Colombia
7585148,Incomplete,2,3,Colombia
7585151,Incomplete,2,3,Colombia
7585152,Incomplete,2,3,Colombia
7585154,Incomplete,1,3,Colombia
7585155,Incomplete,2,2,Colombia
7585159,Incomplete,1,3,Colombia
7585161,Incomplete,1,3,Colombia
7585163,Incomplete,1,1,Colombia
7585164,Incomplete,1,2,Colombia
7585167,Incomplete,1,2,Colombia
7585169,Out,1,2,Colombia
7585171,Out,1,3,Colombia
7585173,Incomplete,2,1,Colombia
7585174,Out,1,3,Colombia
7585175,Blocked,2,3,Colombia
7585177,Out,1,1,Colombia
7585179,Blocked,2,3,Colombia
7585184,Incomplete,1,3,Colombia
7585186,Incomplete,2,2,Colombia
7585188,Incomplete,2,3,Colombia
7585189,Incomplete,3,3,Colombia
7585191,Incomplete,2,2,Colombia
7585192,Off T,3,3,Colombia
7585194,Incomplete,2,3,Colombia
7585195,Off T,3,3,Colombia
7585197,Incomplete,2,3,Colombia
7585199,Incomplete,1,3,Colombia
7585201,Incomplete,3,3,Colombia
7585202,Incomplete,3,3,Colombia
7585203,Incomplete,3,3,Colombia
7585205,Out,3,3,Colombia
7585207,Goal,3,3,Colombia
7585209,Goal,3,3,Colombia
7585211,Saved,3,3,Colombia
7585213,Goal,3,3,Colombia
7585215,Goal,3,3,Colombia
