caseID,result,start_Zone,end_Zone,opponent
75462,Incomplete,2,3,Peru
75463,Incomplete,2,3,Peru
75466,Incomplete,1,None,Peru
75469,Out,1,3,Peru
754612,Incomplete,1,2,Peru
754613,Incomplete,2,3,Peru
754615,Incomplete,2,2,Peru
754617,Incomplete,1,3,Peru
754619,Incomplete,1,2,Peru
754621,Incomplete,1,3,Peru
754623,Incomplete,2,3,Peru
754626,Incomplete,1,1,Peru
754627,Out,2,3,Peru
754629,Off T,2,3,Peru
754631,Off T,3,3,Peru
754633,Incomplete,1,3,Peru
754634,Incomplete,3,3,Peru
754635,Off T,3,3,Peru
754637,Incomplete,1,2,Peru
754638,Saved,2,3,Peru
754641,Incomplete,1,2,Peru
754642,Incomplete,2,3,Peru
754645,Incomplete,1,2,Peru
754648,Incomplete,1,1,Peru
754650,Incomplete,2,None,Peru
754653,Incomplete,1,3,Peru
754655,Incomplete,1,2,Peru
754657,Incomplete,2,2,Peru
754661,Incomplete,1,2,Peru
754662,Incomplete,2,3,Peru
754663,Injury Clearance,3,3,Peru
754666,Out,1,3,Peru
754668,Incomplete,1,3,Peru
754670,Incomplete,3,3,Peru
754673,Saved,2,3,Peru
754675,Incomplete,2,3,Peru
754677,Blocked then Goal,3,3,Peru
754680,Incomplete,1,3,Peru
754685,Incomplete,1,3,Peru
754687,Incomplete,1,None,Peru
754688,Out,2,3,Peru
754690,Saved,2,3,Peru
754692,Incomplete,1,3,Peru
754695,Out,1,2,Peru
754697,Incomplete,2,2,Peru
754698,Incomplete,2,3,Peru
7546101,Incomplete,2,2,Peru
7546104,Incomplete,2,3,Peru
7546106,Incomplete,1,3,Peru
7546107,Out,3,3,Peru
7546109,Incomplete,1,2,Peru
7546111,Incomplete,1,3,Peru
7546113,Out,2,3,Peru
7546115,Incomplete,3,3,Peru
7546116,Incomplete,2,3,Peru
7546118,Incomplete,2,3,Peru
7546119,Incomplete,3,3,Peru
7546121,Incomplete,3,3,Peru
7546122,Incomplete,3,3,Peru
7546123,Incomplete,2,2,Peru
7546125,Incomplete,1,1,Peru
7546127,Incomplete,1,2,Peru
7546130,Out,1,2,Peru
7546133,Incomplete,1,1,Peru
7546135,Incomplete,1,3,Peru
7546138,Incomplete,1,3,Peru
7546139,Incomplete,3,3,Peru
7546141,Incomplete,2,3,Peru
7546144,Incomplete,1,2,Peru
7546147,Incomplete,1,2,Peru
7546149,Incomplete,1,2,Peru
7546152,Incomplete,1,3,Peru
7546154,Incomplete,2,3,Peru
7546155,Incomplete,3,3,Peru
7546156,Incomplete,3,3,Peru
7546159,Incomplete,1,2,Peru
7546162,Incomplete,1,2,Peru
7546165,Incomplete,1,2,Peru
7546166,Incomplete,3,3,Peru
7546167,Incomplete,3,3,Peru
7546169,Incomplete,1,1,Peru
7546171,Incomplete,2,3,Peru
7546172,Incomplete,2,2,Peru
7546174,Incomplete,1,2,Peru
7546175,Off T,2,3,Peru
7546177,Incomplete,2,3,Peru
7546182,Incomplete,1,1,Peru
7546186,Incomplete,1,3,Peru
7546188,Incomplete,1,2,Peru
7546190,Injury Clearance,3,3,Peru
7546192,Incomplete,1,3,Peru
7546193,Incomplete,3,3,Peru
7546194,Off T,3,3,Peru
7546196,Incomplete,1,2,Peru
7546198,Incomplete,1,2,Peru
7546200,Incomplete,2,3,Peru
7546202,Blocked,2,3,Peru
7546203,Incomplete,3,3,Peru
75632,Incomplete,2,3,Denmark
75635,Incomplete,1,2,Denmark
75637,Incomplete,1,1,Denmark
75638,Out,1,3,Denmark
756311,Incomplete,2,3,Denmark
756314,Incomplete,2,2,Denmark
756315,Incomplete,3,3,Denmark
756317,Incomplete,2,3,Denmark
756318,Incomplete,3,3,Denmark
756320,Incomplete,1,2,Denmark
756322,Incomplete,1,2,Denmark
756324,Incomplete,1,2,Denmark
756325,Out,2,3,Denmark
756327,Incomplete,1,2,Denmark
756329,Incomplete,1,3,Denmark
756330,Incomplete,3,2,Denmark
756331,Saved,2,3,Denmark
756332,Off T,3,3,Denmark
756333,Incomplete,2,None,Denmark
756335,Incomplete,1,3,Denmark
756336,Incomplete,1,3,Denmark
756338,Incomplete,1,3,Denmark
756339,Incomplete,1,2,Denmark
756341,Incomplete,2,2,Denmark
756344,Incomplete,1,2,Denmark
756346,Incomplete,2,2,Denmark
756347,Incomplete,2,3,Denmark
756349,Incomplete,2,3,Denmark
756350,Incomplete,3,3,Denmark
756351,Incomplete,3,1,Denmark
756353,Incomplete,1,3,Denmark
756356,Incomplete,1,2,Denmark
756358,Incomplete,3,3,Denmark
756360,Off T,2,2,Denmark
756362,Incomplete,1,3,Denmark
756363,Incomplete,3,3,Denmark
756365,Incomplete,2,3,Denmark
756367,Incomplete,2,3,Denmark
756368,Out,3,3,Denmark
756370,Saved,1,3,Denmark
756372,Incomplete,1,3,Denmark
756374,Incomplete,1,2,Denmark
756376,Pass Offside,2,3,Denmark
756378,Off T,1,3,Denmark
756380,Incomplete,1,1,Denmark
756383,Incomplete,1,None,Denmark
756387,Incomplete,1,3,Denmark
756389,Incomplete,1,2,Denmark
756392,Incomplete,2,2,Denmark
756394,Saved,2,3,Denmark
756396,Incomplete,1,3,Denmark
7563100,Blocked,1,3,Denmark
7563102,Incomplete,2,3,Denmark
7563106,Incomplete,2,2,Denmark
7563108,Incomplete,1,3,Denmark
7563114,Out,1,2,Denmark
7563119,Off T,1,3,Denmark
7563121,Incomplete,2,2,Denmark
7563124,Incomplete,1,2,Denmark
7563126,Incomplete,1,3,Denmark
7563127,Off T,3,3,Denmark
7563129,Incomplete,1,3,Denmark
7563131,Off T,1,3,Denmark
7563134,Incomplete,2,3,Denmark
7563136,Saved,2,3,Denmark
7563137,Incomplete,2,3,Denmark
7563138,Incomplete,2,3,Denmark
7563139,Incomplete,2,3,Denmark
7563141,Incomplete,1,3,Denmark
7563143,Incomplete,1,3,Denmark
7563145,Incomplete,2,3,Denmark
7563147,Incomplete,1,3,Denmark
7563148,Incomplete,3,3,Denmark
7563149,Incomplete,3,3,Denmark
7563150,Incomplete,2,3,Denmark
86552,Incomplete,2,3,Belgium
86554,Incomplete,2,2,Belgium
86559,Incomplete,1,2,Belgium
865511,Incomplete,1,3,Belgium
865513,Incomplete,3,3,Belgium
865516,Incomplete,2,2,Belgium
865518,Incomplete,1,3,Belgium
865519,Incomplete,1,2,Belgium
865521,Incomplete,1,3,Belgium
865523,Incomplete,1,2,Belgium
865525,Incomplete,1,3,Belgium
865527,Incomplete,2,3,Belgium
865528,Saved,3,3,Belgium
865531,Incomplete,2,2,Belgium
865535,Off T,1,3,Belgium
865537,Incomplete,1,3,Belgium
865538,Incomplete,3,3,Belgium
865539,Incomplete,3,3,Belgium
865541,Incomplete,1,2,Belgium
865544,Incomplete,1,2,Belgium
865546,Incomplete,2,3,Belgium
865548,Incomplete,2,2,Belgium
865549,Off T,3,3,Belgium
865551,Off T,2,3,Belgium
865553,Off T,2,3,Belgium
865555,Incomplete,2,3,Belgium
865558,Off T,1,3,Belgium
865560,Blocked,1,3,Belgium
865561,Incomplete,3,3,Belgium
865563,Incomplete,2,3,Belgium
865565,Incomplete,1,1,Belgium
865566,Incomplete,1,2,Belgium
865567,Incomplete,2,3,Belgium
865568,Blocked,3,3,Belgium
865572,Incomplete,1,3,Belgium
865574,Incomplete,1,2,Belgium
865577,Blocked,1,3,Belgium
865578,Goal,3,3,Belgium
865580,Incomplete,2,2,Belgium
865581,Incomplete,2,3,Belgium
865582,Incomplete,3,3,Belgium
865585,Incomplete,1,2,Belgium
865587,Blocked,1,3,Belgium
865588,Incomplete,3,3,Belgium
865590,Incomplete,1,2,Belgium
865592,Out,2,2,Belgium
865594,Incomplete,1,2,Belgium
865599,Incomplete,2,3,Belgium
8655102,Incomplete,1,2,Belgium
8655103,Out,3,3,Belgium
8655105,Incomplete,2,3,Belgium
8655107,Off T,1,3,Belgium
8655109,Incomplete,1,1,Belgium
8655110,Out,1,3,Belgium
8655113,Pass Offside,2,3,Belgium
8655116,Incomplete,2,3,Belgium
8655118,Incomplete,1,2,Belgium
8655120,Incomplete,1,3,Belgium
8655122,Incomplete,2,3,Belgium
8655123,Off T,3,3,Belgium
8655127,Incomplete,1,2,Belgium
8655129,Incomplete,2,2,Belgium
8655131,Injury Clearance,1,1,Belgium
8655132,Incomplete,1,2,Belgium
8655134,Out,1,2,Belgium
8655136,Incomplete,1,1,Belgium
8655139,Incomplete,1,3,Belgium
8655140,Incomplete,3,3,Belgium
8655141,Incomplete,3,3,Belgium
8655143,Saved,3,3,Belgium
8655145,Incomplete,2,3,Belgium
8655147,Incomplete,1,2,Belgium
8655148,Incomplete,2,3,Belgium
8655150,Incomplete,1,2,Belgium
8655151,Saved,2,3,Belgium
8655152,Incomplete,3,3,Belgium
86583,Incomplete,2,2,Croatia
86584,Incomplete,2,1,Croatia
86585,Incomplete,2,3,Croatia
86587,Out,2,1,Croatia
865811,Incomplete,1,2,Croatia
865813,Incomplete,1,1,Croatia
865814,Incomplete,1,1,Croatia
865815,Out,2,3,Croatia
865821,Incomplete,1,1,Croatia
865823,Incomplete,1,2,Croatia
865824,Incomplete,3,2,Croatia
865826,Incomplete,2,2,Croatia
865827,Out,2,3,Croatia
865829,Incomplete,1,2,Croatia
865833,Incomplete,1,3,Croatia
865835,Incomplete,3,3,Croatia
865836,Incomplete,3,3,Croatia
865838,Incomplete,1,2,Croatia
865840,Incomplete,1,2,Croatia
865841,Incomplete,3,3,Croatia
865843,Incomplete,2,3,Croatia
865846,Incomplete,1,3,Croatia
865848,Incomplete,1,1,Croatia
865849,Incomplete,1,2,Croatia
865851,Incomplete,2,3,Croatia
865855,Incomplete,3,3,Croatia
865856,Pass Offside,3,3,Croatia
865858,Incomplete,1,2,Croatia
865860,Incomplete,1,1,Croatia
865862,Incomplete,1,2,Croatia
865865,Incomplete,1,3,Croatia
865866,Incomplete,3,3,Croatia
865867,Goal,3,3,Croatia
865869,Incomplete,1,3,Croatia
865878,Incomplete,1,2,Croatia
865880,Incomplete,2,2,Croatia
865882,Incomplete,1,3,Croatia
865886,Incomplete,1,2,Croatia
865887,Incomplete,2,2,Croatia
865888,Incomplete,2,3,Croatia
865890,Saved,1,3,Croatia
865893,Incomplete,1,2,Croatia
865895,Incomplete,1,3,Croatia
865897,Out,2,2,Croatia
8658100,Incomplete,1,2,Croatia
8658104,Incomplete,1,1,Croatia
8658106,Saved,2,3,Croatia
8658108,Injury Clearance,2,2,Croatia
8658110,Incomplete,3,3,Croatia
8658114,Incomplete,2,None,Croatia
8658116,Incomplete,1,None,Croatia
8658117,Incomplete,2,3,Croatia
8658120,Incomplete,1,2,Croatia
8658122,Blocked then Goal,1,3,Croatia
8658124,Incomplete,2,3,Croatia
8658125,Incomplete,3,3,Croatia
8658126,Incomplete,3,3,Croatia
8658127,Incomplete,3,3,Croatia
8658130,Goal,2,3,Croatia
8658132,Incomplete,1,1,Croatia
8658134,Incomplete,1,2,Croatia
8658135,Incomplete,2,3,Croatia
8658137,Incomplete,2,1,Croatia
8658140,Incomplete,1,2,Croatia
8658142,Incomplete,1,2,Croatia
8658143,Incomplete,1,2,Croatia
8658144,Incomplete,2,2,Croatia
8658145,Incomplete,2,3,Croatia
8658147,Incomplete,1,1,Croatia
8658149,Incomplete,2,3,Croatia
8658150,Out,3,3,Croatia
8658152,Incomplete,2,3,Croatia
8658154,Incomplete,1,2,Croatia
8658157,Incomplete,1,2,Croatia
8658162,Incomplete,1,2,Croatia
8658164,Incomplete,1,1,Croatia
8658166,Incomplete,1,3,Croatia
8658168,Incomplete,2,2,Croatia
8658169,Saved,3,3,Croatia
8658171,Incomplete,1,3,Croatia
8658173,Incomplete,1,3,Croatia
8658176,Incomplete,1,2,Croatia
8658177,Incomplete,2,2,Croatia
8658178,Incomplete,2,3,Croatia
8658180,Incomplete,2,3,Croatia
8658182,Incomplete,2,2,Croatia
8658183,Incomplete,3,1,Croatia
8658186,Out,2,2,Croatia
8658188,Incomplete,1,2,Croatia
75303,Saved,1,3,Australia
75304,Incomplete,3,3,Australia
75305,Incomplete,3,3,Australia
75307,Incomplete,2,3,Australia
75308,Saved,3,3,Australia
753010,Incomplete,1,2,Australia
753013,Saved,2,3,Australia
753015,Incomplete,1,2,Australia
753016,Incomplete,2,3,Australia
753017,Blocked,3,3,Australia
753019,Incomplete,1,1,Australia
753020,Incomplete,1,3,Australia
753024,Incomplete,1,3,Australia
753027,Incomplete,1,3,Australia
753028,Incomplete,3,3,Australia
753029,Incomplete,3,3,Australia
753031,Incomplete,2,3,Australia
753033,Incomplete,2,3,Australia
753039,Incomplete,1,2,Australia
753041,Out,1,3,Australia
753043,Incomplete,1,2,Australia
753044,Incomplete,2,3,Australia
753047,Incomplete,1,3,Australia
753048,Incomplete,2,3,Australia
753050,Incomplete,2,3,Australia
753052,Incomplete,2,2,Australia
753053,Incomplete,2,3,Australia
753054,Out,1,3,Australia
753056,Incomplete,1,2,Australia
753059,Incomplete,2,3,Australia
753060,Incomplete,3,3,Australia
753062,Incomplete,1,3,Australia
753064,Incomplete,2,3,Australia
753065,Incomplete,3,3,Australia
753066,Incomplete,3,3,Australia
753069,Incomplete,2,3,Australia
753071,Blocked,2,3,Australia
753072,Incomplete,3,3,Australia
753074,Incomplete,2,3,Australia
753075,Incomplete,3,3,Australia
753077,Incomplete,1,3,Australia
753079,Incomplete,3,3,Australia
753080,Incomplete,3,3,Australia
753082,Incomplete,1,3,Australia
753085,Incomplete,1,2,Australia
753087,Incomplete,1,3,Australia
753089,Incomplete,2,3,Australia
753090,Incomplete,1,3,Australia
753092,Incomplete,2,2,Australia
753094,Incomplete,1,3,Australia
753095,Incomplete,2,2,Australia
753096,Incomplete,2,3,Australia
753097,Incomplete,3,3,Australia
7530100,Incomplete,3,3,Australia
7530101,Incomplete,3,3,Australia
7530103,Incomplete,1,2,Australia
7530104,Incomplete,2,2,Australia
7530105,Out,2,3,Australia
7530107,Incomplete,1,2,Australia
7530110,Incomplete,1,1,Australia
7530111,Incomplete,2,3,Australia
7530112,Incomplete,3,3,Australia
7530114,Incomplete,1,3,Australia
7530115,Goal,3,3,Australia
7530117,Blocked,2,3,Australia
7530120,Out,2,1,Australia
7530122,Incomplete,1,2,Australia
7530123,Incomplete,1,3,Australia
7530127,Incomplete,1,3,Australia
7530128,Incomplete,3,3,Australia
7530129,Incomplete,2,3,Australia
7530130,Blocked,3,3,Australia
7530132,Incomplete,2,2,Australia
7530133,Incomplete,2,3,Australia
7530134,Off T,3,3,Australia
7530136,Incomplete,3,3,Australia
7530139,Incomplete,1,2,Australia
7530141,Incomplete,1,2,Australia
7530142,Incomplete,2,2,Australia
7530145,Incomplete,1,1,Australia
7530147,Incomplete,2,3,Australia
7530150,Incomplete,1,2,Australia
7530152,Incomplete,2,3,Australia
7530154,Incomplete,2,3,Australia
7530155,Off T,3,3,Australia
7530158,Incomplete,2,2,Australia
7530160,Incomplete,2,3,Australia
7530162,Blocked,3,3,Australia
7530163,Incomplete,3,3,Australia
7530165,Incomplete,2,3,Australia
7530167,Incomplete,2,3,Australia
7530169,Incomplete,1,2,Australia
7530171,Incomplete,2,3,Australia
7530173,Incomplete,1,3,Australia
7530174,Out,3,3,Australia
7530178,Incomplete,2,2,Australia
7530180,Incomplete,2,3,Australia
75802,Incomplete,2,3,Argentina
75804,Out,1,2,Argentina
75806,Incomplete,2,2,Argentina
758010,Incomplete,1,3,Argentina
758012,Incomplete,1,2,Argentina
758014,Incomplete,3,None,Argentina
758017,Incomplete,1,3,Argentina
758018,Incomplete,3,3,Argentina
758022,Incomplete,1,None,Argentina
758023,Goal,3,3,Argentina
758026,Incomplete,1,2,Argentina
758028,Incomplete,1,2,Argentina
758032,Incomplete,1,1,Argentina
758033,Incomplete,1,3,Argentina
758034,Off T,3,3,Argentina
758038,Incomplete,1,2,Argentina
758042,Incomplete,1,2,Argentina
758044,Incomplete,1,3,Argentina
758047,Incomplete,1,3,Argentina
758048,Incomplete,2,2,Argentina
758049,Incomplete,2,2,Argentina
758051,Incomplete,1,2,Argentina
758052,Incomplete,2,3,Argentina
758054,Incomplete,1,2,Argentina
758055,Incomplete,2,3,Argentina
758058,Incomplete,1,2,Argentina
758060,Incomplete,2,2,Argentina
758062,Out,1,3,Argentina
758066,Incomplete,2,2,Argentina
758067,Incomplete,2,3,Argentina
758069,Incomplete,1,2,Argentina
758071,Incomplete,1,1,Argentina
758073,Incomplete,1,3,Argentina
758074,Incomplete,2,3,Argentina
758075,Incomplete,3,3,Argentina
758078,Incomplete,2,2,Argentina
758079,Incomplete,3,3,Argentina
758080,Incomplete,3,3,Argentina
758081,Incomplete,2,3,Argentina
758082,Out,3,3,Argentina
758084,Incomplete,3,3,Argentina
758087,Off T,1,3,Argentina
758089,Goal,1,3,Argentina
758091,Incomplete,1,1,Argentina
758093,Out,2,3,Argentina
758096,Blocked then Goal,1,3,Argentina
7580100,Goal,1,3,Argentina
7580103,Off T,1,3,Argentina
7580105,Incomplete,2,2,Argentina
7580106,Incomplete,2,2,Argentina
7580107,Incomplete,2,2,Argentina
7580111,Incomplete,2,2,Argentina
7580113,Incomplete,1,2,Argentina
7580115,Incomplete,2,2,Argentina
7580117,Incomplete,1,2,Argentina
7580118,Incomplete,3,3,Argentina
7580120,Out,1,3,Argentina
7580122,Incomplete,1,1,Argentina
7580125,Incomplete,1,None,Argentina
7580129,Incomplete,1,2,Argentina
7580132,Incomplete,1,2,Argentina
7580134,Incomplete,2,2,Argentina
7580136,Incomplete,2,3,Argentina
7580141,Incomplete,1,2,Argentina
7580143,Incomplete,1,2,Argentina
7580146,Incomplete,1,2,Argentina
7580149,Incomplete,1,2,Argentina
7580153,Incomplete,1,2,Argentina
7580154,Incomplete,2,3,Argentina
86493,Incomplete,2,3,Uruguay
86496,Injury Clearance,2,3,Uruguay
86498,Incomplete,2,2,Uruguay
86499,Incomplete,2,2,Uruguay
864913,Blocked,1,3,Uruguay
864914,Incomplete,3,3,Uruguay
864915,Incomplete,3,2,Uruguay
864917,Incomplete,1,2,Uruguay
864918,Incomplete,2,3,Uruguay
864919,Off T,3,3,Uruguay
864921,Incomplete,2,2,Uruguay
864922,Blocked,2,3,Uruguay
864927,Off T,1,3,Uruguay
864930,Incomplete,1,1,Uruguay
864931,Incomplete,1,2,Uruguay
864932,Incomplete,2,2,Uruguay
864934,Off T,3,3,Uruguay
864936,Incomplete,1,2,Uruguay
864937,Incomplete,2,3,Uruguay
864940,Incomplete,1,3,Uruguay
864941,Incomplete,3,2,Uruguay
864942,Incomplete,2,2,Uruguay
864943,Incomplete,2,2,Uruguay
864945,Incomplete,3,3,Uruguay
864946,Incomplete,3,3,Uruguay
864947,Out,3,2,Uruguay
864949,Out,2,3,Uruguay
864951,Incomplete,1,3,Uruguay
864953,Incomplete,1,2,Uruguay
864956,Incomplete,1,2,Uruguay
864958,Incomplete,1,1,Uruguay
864959,Incomplete,1,1,Uruguay
864961,Incomplete,1,3,Uruguay
864963,Incomplete,1,3,Uruguay
864965,Incomplete,1,3,Uruguay
864967,Goal,3,3,Uruguay
864970,Incomplete,1,2,Uruguay
864973,Incomplete,2,3,Uruguay
864974,Incomplete,2,2,Uruguay
864975,Incomplete,2,3,Uruguay
864978,Incomplete,1,2,Uruguay
864979,Incomplete,1,1,Uruguay
864980,Incomplete,1,2,Uruguay
864982,Incomplete,1,None,Uruguay
864983,Incomplete,2,2,Uruguay
864985,Incomplete,2,3,Uruguay
864987,Incomplete,2,3,Uruguay
864988,Incomplete,3,3,Uruguay
864991,Incomplete,1,2,Uruguay
864993,Incomplete,2,2,Uruguay
864994,Incomplete,2,2,Uruguay
864995,Incomplete,3,3,Uruguay
864996,Incomplete,3,3,Uruguay
864997,Incomplete,3,3,Uruguay
864998,Incomplete,3,3,Uruguay
864999,Off T,3,3,Uruguay
8649101,Incomplete,2,2,Uruguay
8649104,Incomplete,1,1,Uruguay
8649105,Incomplete,1,2,Uruguay
8649107,Incomplete,1,2,Uruguay
8649108,Incomplete,3,3,Uruguay
8649109,Incomplete,2,3,Uruguay
8649113,Incomplete,1,2,Uruguay
8649115,Incomplete,1,2,Uruguay
8649117,Goal,3,3,Uruguay
8649121,Incomplete,1,2,Uruguay
8649122,Incomplete,2,3,Uruguay
8649124,Injury Clearance,1,2,Uruguay
8649125,Out,2,2,Uruguay
8649129,Off T,1,3,Uruguay
8649130,Out,2,2,Uruguay
8649132,Out,1,1,Uruguay
8649134,Off T,1,3,Uruguay
8649136,Incomplete,1,1,Uruguay
8649137,Incomplete,2,None,Uruguay
8649140,Incomplete,1,2,Uruguay
8649143,Incomplete,2,2,Uruguay
8649145,Incomplete,1,2,Uruguay
8649147,Incomplete,1,1,Uruguay
8649150,Incomplete,1,2,Uruguay
8649152,Incomplete,1,3,Uruguay
8649154,Incomplete,1,3,Uruguay
8649155,Incomplete,3,3,Uruguay
8649157,Incomplete,1,2,Uruguay
8649158,Off T,3,3,Uruguay
8649164,Incomplete,1,1,Uruguay
8649165,Out,1,3,Uruguay
8649167,Incomplete,1,2,Uruguay
8649168,Incomplete,2,3,Uruguay
8649171,Incomplete,2,2,Uruguay
8649173,Incomplete,1,3,Uruguay
8649175,Incomplete,1,1,Uruguay
