caseID,result,start_Zone,end_Zone,opponent
75672,Incomplete,2,2,South Korea
75674,Out,1,1,South Korea
75676,Incomplete,1,2,South Korea
75677,Incomplete,2,2,South Korea
75679,Incomplete,2,2,South Korea
756712,Off T,3,3,South Korea
756714,Incomplete,2,2,South Korea
756716,Incomplete,1,1,South Korea
756717,Incomplete,2,3,South Korea
756719,Incomplete,1,2,South Korea
756720,Incomplete,2,2,South Korea
756721,Incomplete,2,3,South Korea
756722,Incomplete,3,3,South Korea
756723,Incomplete,3,3,South Korea
756724,Incomplete,3,3,South Korea
756726,Incomplete,2,3,South Korea
756728,Incomplete,3,3,South Korea
756729,Saved,3,3,South Korea
756732,Incomplete,3,3,South Korea
756733,Incomplete,3,3,South Korea
756734,Incomplete,3,3,South Korea
756738,Incomplete,1,1,South Korea
756739,Incomplete,1,3,South Korea
756741,Incomplete,3,1,South Korea
756742,Incomplete,1,3,South Korea
756744,Incomplete,1,1,South Korea
756745,Incomplete,2,2,South Korea
756746,Out,2,3,South Korea
756748,Incomplete,1,3,South Korea
756749,Incomplete,2,3,South Korea
756750,Incomplete,3,3,South Korea
756752,Incomplete,1,2,South Korea
756754,Incomplete,2,3,South Korea
756755,Incomplete,3,3,South Korea
756756,Out,3,3,South Korea
756758,Blocked,2,3,South Korea
756760,Incomplete,1,1,South Korea
756761,Incomplete,1,3,South Korea
756762,Incomplete,3,3,South Korea
756763,Incomplete,3,3,South Korea
756764,Out,2,2,South Korea
756766,Incomplete,1,1,South Korea
756769,Blocked,2,3,South Korea
756770,Saved,3,3,South Korea
756773,Incomplete,1,3,South Korea
756775,Incomplete,1,3,South Korea
756776,Blocked,3,3,South Korea
756778,Out,2,3,South Korea
756781,Incomplete,2,3,South Korea
756782,Saved,2,2,South Korea
756784,Incomplete,2,2,South Korea
756785,Off T,2,3,South Korea
756786,Incomplete,1,2,South Korea
756787,Off T,2,3,South Korea
756789,Incomplete,1,3,South Korea
756790,Blocked,3,3,South Korea
756792,Incomplete,2,3,South Korea
756795,Incomplete,1,3,South Korea
756797,Incomplete,1,2,South Korea
756799,Incomplete,1,3,South Korea
7567100,Incomplete,3,3,South Korea
7567102,Out,2,3,South Korea
7567104,Blocked,1,3,South Korea
7567107,Out,1,3,South Korea
7567109,Incomplete,2,3,South Korea
7567110,Off T,3,3,South Korea
7567112,Incomplete,2,3,South Korea
7567114,Incomplete,1,3,South Korea
7567116,Saved,1,3,South Korea
7567118,Off T,1,3,South Korea
7567120,Incomplete,1,2,South Korea
7567122,Blocked,3,3,South Korea
7567123,Incomplete,2,3,South Korea
7567125,Incomplete,2,3,South Korea
7567127,Incomplete,2,3,South Korea
7567128,Incomplete,3,3,South Korea
7567129,Incomplete,3,3,South Korea
7567130,Incomplete,3,3,South Korea
7567132,Incomplete,1,3,South Korea
7567134,Incomplete,3,3,South Korea
7567136,Incomplete,2,3,South Korea
7567137,Incomplete,3,3,South Korea
7567139,Incomplete,2,3,South Korea
7567142,Pass Offside,1,3,South Korea
7567144,Incomplete,1,3,South Korea
7567146,Off T,2,3,South Korea
7567148,Off T,1,3,South Korea
7567150,Blocked,2,3,South Korea
7567153,Incomplete,1,2,South Korea
7567156,Off T,2,3,South Korea
7567158,Incomplete,2,2,South Korea
7567160,Saved,2,3,South Korea
7567162,Incomplete,1,2,South Korea
7567165,Incomplete,1,2,South Korea
7567168,Incomplete,2,3,South Korea
7567169,Incomplete,2,3,South Korea
7567170,Off T,3,3,South Korea
7567172,Incomplete,2,3,South Korea
7567173,Incomplete,3,3,South Korea
7567175,Blocked,2,3,South Korea
7567176,Blocked,3,3,South Korea
7567177,Off T,3,3,South Korea
75343,Incomplete,2,3,Mexico
75346,Incomplete,1,1,Mexico
75347,Off T,1,3,Mexico
75348,Incomplete,3,3,Mexico
75349,Incomplete,3,3,Mexico
753412,Incomplete,1,3,Mexico
753413,Saved,3,3,Mexico
753415,Incomplete,2,3,Mexico
753418,Out,1,3,Mexico
753421,Incomplete,1,1,Mexico
753422,Incomplete,1,3,Mexico
753423,Incomplete,3,3,Mexico
753429,Incomplete,1,3,Mexico
753430,Saved,3,3,Mexico
753432,Blocked,2,3,Mexico
753435,Incomplete,2,3,Mexico
753437,Incomplete,2,2,Mexico
753441,Saved,1,3,Mexico
753444,Incomplete,1,3,Mexico
753445,Saved,3,3,Mexico
753447,Incomplete,1,2,Mexico
753450,Incomplete,1,2,Mexico
753451,Incomplete,2,3,Mexico
753452,Incomplete,3,3,Mexico
753454,Incomplete,1,3,Mexico
753455,Incomplete,3,3,Mexico
753461,Incomplete,1,3,Mexico
753462,Incomplete,2,3,Mexico
753464,Incomplete,2,3,Mexico
753467,Incomplete,1,2,Mexico
753469,Incomplete,2,2,Mexico
753471,Incomplete,2,3,Mexico
753472,Blocked,3,3,Mexico
753473,Saved,3,3,Mexico
753477,Out,1,1,Mexico
753479,Out,1,3,Mexico
753481,Incomplete,2,3,Mexico
753483,Incomplete,1,3,Mexico
753485,Incomplete,2,3,Mexico
753487,Incomplete,1,3,Mexico
753489,Incomplete,1,2,Mexico
753490,Incomplete,2,3,Mexico
753491,Incomplete,2,3,Mexico
753493,Incomplete,1,3,Mexico
753495,Saved,2,3,Mexico
753497,Out,2,3,Mexico
7534103,Incomplete,2,3,Mexico
7534104,Incomplete,3,3,Mexico
7534105,Off T,3,3,Mexico
7534107,Incomplete,1,3,Mexico
7534109,Blocked,1,3,Mexico
7534110,Blocked,3,3,Mexico
7534112,Incomplete,3,3,Mexico
7534114,Pass Offside,2,3,Mexico
7534116,Out,1,2,Mexico
7534117,Out,1,2,Mexico
7534119,Incomplete,1,3,Mexico
7534120,Blocked,3,2,Mexico
7534122,Incomplete,3,3,Mexico
7534124,Out,1,3,Mexico
7534126,Incomplete,1,3,Mexico
7534129,Off T,1,3,Mexico
7534130,Off T,3,3,Mexico
7534132,Incomplete,3,3,Mexico
7534134,Off T,2,3,Mexico
7534136,Incomplete,2,3,Mexico
7534138,Off T,2,3,Mexico
7534140,Blocked,2,3,Mexico
7534141,Incomplete,3,3,Mexico
7534142,Incomplete,3,3,Mexico
7534144,Out,1,2,Mexico
7534146,Blocked,2,3,Mexico
7534147,Incomplete,2,3,Mexico
7534149,Incomplete,2,3,Mexico
7534151,Incomplete,2,3,Mexico
7534153,Incomplete,2,2,Mexico
7534155,Incomplete,3,3,Mexico
7534156,Incomplete,2,3,Mexico
7534159,Saved,2,3,Mexico
7534162,Blocked,2,3,Mexico
7534165,Off T,3,3,Mexico
7534168,Saved,1,3,Mexico
7534170,Saved,2,3,Mexico
7534172,Incomplete,1,3,Mexico
7534173,Incomplete,1,3,Mexico
7534174,Incomplete,3,3,Mexico
7534175,Incomplete,3,3,Mexico
7534177,Incomplete,2,3,Mexico
75513,Out,1,3,Sweden
75515,Blocked,3,3,Sweden
75516,Blocked,3,3,Sweden
75518,Incomplete,2,3,Sweden
75519,Incomplete,2,3,Sweden
755111,Incomplete,2,3,Sweden
755113,Incomplete,1,1,Sweden
755115,Out,1,3,Sweden
755117,Incomplete,1,3,Sweden
755118,Out,3,3,Sweden
755120,Incomplete,1,2,Sweden
755122,Incomplete,2,3,Sweden
755124,Out,1,1,Sweden
755127,Blocked,1,3,Sweden
755131,Blocked,1,3,Sweden
755133,Incomplete,1,3,Sweden
755135,Incomplete,2,3,Sweden
755137,Incomplete,1,3,Sweden
755139,Incomplete,3,2,Sweden
755141,Incomplete,1,1,Sweden
755145,Incomplete,2,3,Sweden
755146,Pass Offside,3,3,Sweden
755148,Incomplete,2,2,Sweden
755150,Incomplete,2,3,Sweden
755151,Out,3,3,Sweden
755154,Incomplete,1,1,Sweden
755156,Incomplete,1,3,Sweden
755157,Saved,2,3,Sweden
755158,Incomplete,3,3,Sweden
755159,Incomplete,1,3,Sweden
755161,Incomplete,2,3,Sweden
755162,Incomplete,3,3,Sweden
755164,Incomplete,1,3,Sweden
755165,Incomplete,2,3,Sweden
755167,Incomplete,1,3,Sweden
755169,Off T,3,3,Sweden
755171,Incomplete,1,3,Sweden
755174,Incomplete,2,3,Sweden
755175,Incomplete,3,3,Sweden
755176,Goal,3,3,Sweden
755178,Blocked,2,3,Sweden
755179,Incomplete,3,3,Sweden
755180,Off T,3,3,Sweden
755183,Incomplete,2,3,Sweden
755185,Incomplete,2,3,Sweden
755186,Incomplete,1,3,Sweden
755188,Pass Offside,2,3,Sweden
755190,Incomplete,1,2,Sweden
755191,Saved,2,3,Sweden
755193,Incomplete,1,3,Sweden
755194,Out,2,1,Sweden
755196,Incomplete,1,3,Sweden
755197,Incomplete,3,3,Sweden
755198,Incomplete,2,3,Sweden
7551100,Incomplete,1,2,Sweden
7551102,Out,1,3,Sweden
7551104,Out,1,3,Sweden
7551106,Blocked,1,3,Sweden
7551108,Blocked,2,3,Sweden
7551109,Incomplete,3,3,Sweden
7551110,Incomplete,2,3,Sweden
7551112,Incomplete,2,3,Sweden
7551113,Pass Offside,3,3,Sweden
7551115,Incomplete,1,3,Sweden
7551117,Incomplete,1,3,Sweden
7551119,Incomplete,2,3,Sweden
7551121,Blocked,3,3,Sweden
7551122,Incomplete,3,3,Sweden
7551126,Out,1,3,Sweden
7551128,Out,2,3,Sweden
7551130,Incomplete,2,2,Sweden
7551131,Off T,2,3,Sweden
7551132,Incomplete,1,2,Sweden
7551136,Incomplete,1,2,Sweden
7551137,Incomplete,3,3,Sweden
7551139,Incomplete,1,3,Sweden
7551140,Incomplete,3,3,Sweden
7551142,Saved,3,3,Sweden
7551143,Out,3,3,Sweden
7551145,Incomplete,2,3,Sweden
7551146,Incomplete,3,3,Sweden
7551147,Incomplete,3,3,Sweden
7551149,Incomplete,2,3,Sweden
7551150,Incomplete,3,3,Sweden
7551152,Out,1,3,Sweden
7551154,Incomplete,1,3,Sweden
7551155,Goal,3,3,Sweden
7551157,Incomplete,1,3,Sweden
