caseID,result,start_Zone,end_Zone,opponent
75612,Incomplete,2,3,Croatia
75614,Incomplete,2,3,Croatia
75619,Out,2,3,Croatia
756111,Incomplete,2,3,Croatia
756112,Out,2,2,Croatia
756114,Out,1,2,Croatia
756116,Out,1,1,Croatia
756118,Incomplete,1,3,Croatia
756120,Incomplete,2,2,Croatia
756121,Incomplete,2,3,Croatia
756125,Out,1,3,Croatia
756129,Incomplete,1,2,Croatia
756131,Incomplete,2,3,Croatia
756133,Incomplete,2,3,Croatia
756134,Out,2,3,Croatia
756136,Incomplete,2,3,Croatia
756138,Incomplete,2,3,Croatia
756139,Out,3,3,Croatia
756142,Incomplete,2,3,Croatia
756143,Off T,3,3,Croatia
756145,Incomplete,3,3,Croatia
756146,Saved,3,3,Croatia
756148,Incomplete,2,2,Croatia
756149,Out,2,3,Croatia
756151,Incomplete,2,3,Croatia
756152,Blocked,3,3,Croatia
756153,Out,3,3,Croatia
756156,Incomplete,1,3,Croatia
756158,Incomplete,1,2,Croatia
756160,Incomplete,1,2,Croatia
756162,Incomplete,3,None,Croatia
756164,Off T,3,3,Croatia
756166,Incomplete,2,2,Croatia
756168,Incomplete,1,3,Croatia
756170,Incomplete,2,3,Croatia
756171,Off T,3,3,Croatia
756173,Incomplete,2,3,Croatia
756174,Saved,3,3,Croatia
756176,Incomplete,1,3,Croatia
756178,Saved,2,3,Croatia
756179,Incomplete,3,3,Croatia
756182,Incomplete,1,2,Croatia
756183,Incomplete,3,3,Croatia
756185,Incomplete,1,3,Croatia
756186,Incomplete,3,3,Croatia
756188,Incomplete,2,2,Croatia
756191,Incomplete,2,3,Croatia
756193,Incomplete,1,2,Croatia
756198,Incomplete,2,3,Croatia
756199,Saved,3,3,Croatia
7561100,Incomplete,3,3,Croatia
7561101,Incomplete,3,3,Croatia
7561103,Blocked,2,3,Croatia
7561105,Incomplete,2,3,Croatia
7561106,Out,2,2,Croatia
7561108,Incomplete,1,2,Croatia
7561114,Incomplete,1,3,Croatia
7561116,Incomplete,3,3,Croatia
7561118,Incomplete,1,3,Croatia
7561120,Off T,3,3,Croatia
7561123,Incomplete,1,3,Croatia
7561125,Incomplete,2,3,Croatia
7561126,Incomplete,3,3,Croatia
7561128,Incomplete,2,3,Croatia
7561130,Off T,2,3,Croatia
7561132,Incomplete,3,3,Croatia
7561133,Goal,3,3,Croatia
7561134,Saved,2,3,Croatia
7561136,Incomplete,2,None,Croatia
7561138,Incomplete,1,1,Croatia
7561139,Incomplete,2,3,Croatia
7561140,Incomplete,3,3,Croatia
7561141,Incomplete,3,3,Croatia
7561145,Incomplete,1,3,Croatia
7561147,Incomplete,2,3,Croatia
7561148,Incomplete,3,3,Croatia
7561156,Incomplete,1,2,Croatia
7561158,Incomplete,1,1,Croatia
7561160,Incomplete,3,3,Croatia
7561162,Incomplete,1,3,Croatia
7561164,Incomplete,2,2,Croatia
7561165,Incomplete,3,3,Croatia
7561166,Out,3,3,Croatia
7561168,Incomplete,2,3,Croatia
7561169,Blocked,3,3,Croatia
7561170,Incomplete,3,3,Croatia
75493,Incomplete,2,3,Nigeria
75494,Incomplete,3,3,Nigeria
75495,Saved,3,3,Nigeria
75496,Incomplete,3,3,Nigeria
75498,Incomplete,1,2,Nigeria
754910,Saved,2,3,Nigeria
754912,Incomplete,2,3,Nigeria
754917,Incomplete,2,3,Nigeria
754919,Out,1,3,Nigeria
754921,Out,1,2,Nigeria
754923,Incomplete,1,3,Nigeria
754925,Incomplete,2,2,Nigeria
754930,Incomplete,1,1,Nigeria
754931,Incomplete,2,2,Nigeria
754932,Incomplete,3,3,Nigeria
754934,Incomplete,2,3,Nigeria
754935,Incomplete,2,3,Nigeria
754940,Incomplete,1,1,Nigeria
754942,Incomplete,2,2,Nigeria
754944,Blocked,3,3,Nigeria
754945,Incomplete,3,3,Nigeria
754946,Incomplete,3,3,Nigeria
754949,Incomplete,2,2,Nigeria
754951,Incomplete,2,2,Nigeria
754952,Incomplete,2,3,Nigeria
754954,Incomplete,1,2,Nigeria
754955,Incomplete,2,3,Nigeria
754956,Incomplete,3,3,Nigeria
754958,Incomplete,1,2,Nigeria
754961,Incomplete,2,3,Nigeria
754964,Incomplete,1,3,Nigeria
754966,Incomplete,1,1,Nigeria
754967,Incomplete,2,3,Nigeria
754968,Incomplete,3,3,Nigeria
754970,Out,3,2,Nigeria
754972,Incomplete,1,3,Nigeria
754973,Incomplete,3,3,Nigeria
754977,Incomplete,1,2,Nigeria
754979,Incomplete,2,3,Nigeria
754980,Incomplete,2,3,Nigeria
754984,Incomplete,1,3,Nigeria
754985,Off T,3,3,Nigeria
754987,Incomplete,1,3,Nigeria
754988,Off T,3,3,Nigeria
754990,Incomplete,2,3,Nigeria
754992,Incomplete,1,2,Nigeria
754993,Incomplete,1,2,Nigeria
754995,Incomplete,1,3,Nigeria
754997,Incomplete,2,2,Nigeria
754999,Incomplete,2,3,Nigeria
7549100,Incomplete,3,3,Nigeria
7549102,Incomplete,2,2,Nigeria
7549106,Incomplete,2,3,Nigeria
7549110,Incomplete,1,3,Nigeria
7549111,Incomplete,3,3,Nigeria
7549113,Incomplete,2,2,Nigeria
7549115,Incomplete,1,3,Nigeria
7549116,Incomplete,3,3,Nigeria
7549119,Incomplete,1,3,Nigeria
7549121,Incomplete,2,2,Nigeria
7549123,Incomplete,2,3,Nigeria
7549125,Incomplete,1,3,Nigeria
7549127,Off T,2,3,Nigeria
7549132,Incomplete,2,3,Nigeria
7549134,Incomplete,1,2,Nigeria
7549137,Incomplete,1,2,Nigeria
7549139,Incomplete,1,3,Nigeria
7549141,Incomplete,2,3,Nigeria
7549145,Incomplete,1,3,Nigeria
7549146,Off T,3,3,Nigeria
7549148,Incomplete,2,2,Nigeria
7549150,Incomplete,1,2,Nigeria
7549152,Incomplete,2,3,Nigeria
7549154,Incomplete,1,2,Nigeria
7549155,Saved,2,1,Nigeria
7549156,Incomplete,1,3,Nigeria
7549159,Incomplete,2,2,Nigeria
7549160,Off T,3,3,Nigeria
7549162,Incomplete,2,None,Nigeria
7549164,Incomplete,1,3,Nigeria
7549165,Incomplete,1,3,Nigeria
7549167,Incomplete,1,3,Nigeria
7549168,Incomplete,1,3,Nigeria
7549171,Incomplete,1,2,Nigeria
7549173,Incomplete,2,3,Nigeria
7549175,Incomplete,3,3,Nigeria
75312,Off T,2,3,Argentina
75316,Incomplete,1,2,Argentina
75317,Incomplete,2,3,Argentina
75319,Incomplete,2,3,Argentina
753113,Off T,1,3,Argentina
753115,Blocked,3,3,Argentina
753117,Out,1,3,Argentina
753120,Incomplete,1,3,Argentina
753122,Incomplete,1,2,Argentina
753124,Incomplete,1,2,Argentina
753125,Incomplete,2,2,Argentina
753127,Incomplete,1,2,Argentina
753129,Incomplete,1,3,Argentina
753131,Incomplete,2,3,Argentina
753133,Incomplete,2,2,Argentina
753135,Goal,2,3,Argentina
753138,Incomplete,1,2,Argentina
753140,Incomplete,1,3,Argentina
753144,Incomplete,1,2,Argentina
753145,Incomplete,3,3,Argentina
753147,Incomplete,1,3,Argentina
753150,Incomplete,2,3,Argentina
753152,Incomplete,1,3,Argentina
753154,Incomplete,1,2,Argentina
753159,Incomplete,1,2,Argentina
753162,Incomplete,1,3,Argentina
753163,Incomplete,3,3,Argentina
753164,Saved,2,3,Argentina
753165,Off T,2,3,Argentina
753169,Incomplete,1,3,Argentina
753171,Out,1,3,Argentina
753173,Blocked,2,3,Argentina
753174,Out,3,2,Argentina
753177,Incomplete,1,2,Argentina
753178,Incomplete,3,3,Argentina
753180,Incomplete,2,3,Argentina
753184,Incomplete,1,1,Argentina
753186,Incomplete,1,1,Argentina
753187,Incomplete,1,3,Argentina
753188,Incomplete,3,3,Argentina
753189,Incomplete,3,3,Argentina
753191,Incomplete,2,2,Argentina
753194,Out,1,2,Argentina
753198,Incomplete,1,2,Argentina
7531103,Incomplete,2,3,Argentina
7531104,Out,3,3,Argentina
7531106,Incomplete,1,2,Argentina
7531107,Incomplete,1,3,Argentina
7531109,Incomplete,1,3,Argentina
7531113,Incomplete,1,3,Argentina
7531115,Incomplete,1,1,Argentina
7531116,Incomplete,1,2,Argentina
7531118,Incomplete,1,2,Argentina
7531120,Incomplete,2,2,Argentina
7531124,Incomplete,1,3,Argentina
7531125,Incomplete,3,1,Argentina
7531127,Incomplete,1,2,Argentina
7531130,Incomplete,1,1,Argentina
7531132,Incomplete,1,3,Argentina
7531134,Incomplete,1,2,Argentina
7531135,Incomplete,2,3,Argentina
7531139,Incomplete,1,2,Argentina
7531141,Out,1,3,Argentina
7531143,Incomplete,1,2,Argentina
7531144,Incomplete,1,3,Argentina
7531146,Incomplete,2,3,Argentina
