caseID,result,start_Zone,end_Zone,opponent
75832,Incomplete,2,3,Brazil
75835,Blocked,2,3,Brazil
75836,Incomplete,3,3,Brazil
758311,Out,2,2,Brazil
758312,Incomplete,1,2,Brazil
758314,Incomplete,1,3,Brazil
758315,Incomplete,3,3,Brazil
758317,Incomplete,2,2,Brazil
758319,Incomplete,1,3,Brazil
758320,Incomplete,3,3,Brazil
758322,Incomplete,1,3,Brazil
758323,Incomplete,3,3,Brazil
758325,Incomplete,2,2,Brazil
758327,Out,1,3,Brazil
758330,Incomplete,2,None,Brazil
758331,Incomplete,1,2,Brazil
758334,Blocked,2,3,Brazil
758336,Incomplete,3,3,Brazil
758338,Incomplete,2,3,Brazil
758340,Blocked,1,2,Brazil
758342,Incomplete,2,2,Brazil
758343,Out,2,3,Brazil
758346,Incomplete,1,2,Brazil
758347,Incomplete,2,2,Brazil
758349,Off T,1,3,Brazil
758351,Incomplete,1,1,Brazil
758352,Out,1,3,Brazil
758354,Incomplete,2,3,Brazil
758357,Incomplete,1,1,Brazil
758360,Incomplete,2,3,Brazil
758366,Out,1,2,Brazil
758368,Incomplete,2,2,Brazil
758372,Incomplete,1,3,Brazil
758373,Out,3,3,Brazil
758375,Incomplete,2,2,Brazil
758377,Incomplete,1,2,Brazil
758381,Incomplete,1,2,Brazil
758382,Incomplete,2,2,Brazil
758388,Off T,1,3,Brazil
758390,Blocked,2,3,Brazil
758391,Incomplete,3,3,Brazil
758392,Blocked,3,3,Brazil
758394,Incomplete,2,3,Brazil
758396,Incomplete,2,2,Brazil
758399,Incomplete,1,None,Brazil
7583101,Incomplete,2,2,Brazil
7583103,Incomplete,1,2,Brazil
7583104,Incomplete,3,3,Brazil
7583106,Incomplete,2,None,Brazil
7583108,Incomplete,2,2,Brazil
7583110,Incomplete,1,2,Brazil
7583112,Blocked,2,3,Brazil
7583113,Incomplete,3,3,Brazil
7583114,Incomplete,3,3,Brazil
7583119,Incomplete,1,1,Brazil
7583120,Incomplete,2,2,Brazil
7583122,Out,2,3,Brazil
7583124,Incomplete,2,3,Brazil
7583127,Incomplete,1,2,Brazil
7583129,Incomplete,1,3,Brazil
7583132,Blocked,1,3,Brazil
7583134,Incomplete,1,3,Brazil
7583135,Incomplete,2,3,Brazil
7583138,Incomplete,1,3,Brazil
7583139,Incomplete,2,3,Brazil
7583144,Incomplete,1,3,Brazil
7583146,Incomplete,1,3,Brazil
7583148,Out,2,3,Brazil
7583150,Incomplete,2,3,Brazil
7583152,Incomplete,1,3,Brazil
7583154,Incomplete,2,3,Brazil
7583155,Incomplete,3,3,Brazil
7583158,Incomplete,1,2,Brazil
7583160,Incomplete,2,2,Brazil
7583162,Incomplete,2,3,Brazil
7583164,Incomplete,2,None,Brazil
7583167,Off T,3,3,Brazil
7583169,Incomplete,1,2,Brazil
7583170,Incomplete,2,3,Brazil
7583172,Blocked,1,3,Brazil
7583174,Incomplete,1,2,Brazil
7583176,Incomplete,2,3,Brazil
75665,Incomplete,2,3,Sweden
75667,Incomplete,1,2,Sweden
756610,Incomplete,1,2,Sweden
756612,Incomplete,1,3,Sweden
756613,Incomplete,3,2,Sweden
756614,Incomplete,2,3,Sweden
756615,Incomplete,3,3,Sweden
756616,Incomplete,2,2,Sweden
756618,Off T,2,3,Sweden
756622,Incomplete,2,2,Sweden
756624,Pass Offside,2,3,Sweden
756626,Incomplete,1,3,Sweden
756627,Incomplete,3,2,Sweden
756629,Out,1,3,Sweden
756631,Off T,2,3,Sweden
756634,Out,1,3,Sweden
756636,Incomplete,1,2,Sweden
756637,Incomplete,2,3,Sweden
756639,Incomplete,2,2,Sweden
756641,Blocked,2,3,Sweden
756642,Blocked,3,3,Sweden
756643,Off T,3,3,Sweden
756646,Out,2,3,Sweden
756649,Incomplete,1,2,Sweden
756650,Incomplete,2,2,Sweden
756655,Incomplete,1,1,Sweden
756656,Incomplete,1,1,Sweden
756657,Incomplete,1,2,Sweden
756659,Incomplete,1,2,Sweden
756660,Out,2,3,Sweden
756662,Blocked,2,3,Sweden
756663,Incomplete,3,3,Sweden
756665,Incomplete,1,3,Sweden
756666,Incomplete,3,3,Sweden
756668,Incomplete,1,2,Sweden
756669,Off T,2,3,Sweden
756671,Blocked,3,3,Sweden
756672,Incomplete,3,3,Sweden
756674,Incomplete,2,2,Sweden
756677,Incomplete,1,3,Sweden
756678,Incomplete,2,2,Sweden
756680,Saved,2,3,Sweden
756682,Incomplete,2,2,Sweden
756683,Incomplete,2,3,Sweden
756684,Incomplete,3,3,Sweden
756686,Incomplete,2,2,Sweden
756688,Incomplete,1,2,Sweden
756691,Incomplete,1,3,Sweden
756693,Incomplete,1,2,Sweden
756695,Incomplete,2,3,Sweden
756697,Incomplete,2,3,Sweden
756698,Incomplete,3,2,Sweden
7566100,Incomplete,2,2,Sweden
7566101,Incomplete,2,2,Sweden
7566103,Incomplete,1,3,Sweden
7566104,Off T,2,3,Sweden
7566106,Incomplete,2,2,Sweden
7566108,Injury Clearance,2,2,Sweden
7566111,Incomplete,1,3,Sweden
7566113,Incomplete,2,None,Sweden
7566116,Incomplete,2,2,Sweden
7566118,Incomplete,2,2,Sweden
7566119,Blocked,2,3,Sweden
7566120,Incomplete,2,3,Sweden
7566122,Blocked,1,3,Sweden
7566123,Off T,3,3,Sweden
7566124,Incomplete,2,3,Sweden
7566125,Off T,3,3,Sweden
7566127,Incomplete,2,3,Sweden
7566129,Incomplete,1,3,Sweden
7566131,Incomplete,2,3,Sweden
7566133,Incomplete,2,2,Sweden
7566137,Incomplete,3,3,Sweden
7566138,Blocked,3,3,Sweden
7566139,Incomplete,2,2,Sweden
7566141,Incomplete,2,3,Sweden
7566143,Incomplete,2,2,Sweden
7566145,Incomplete,2,3,Sweden
7566147,Incomplete,2,2,Sweden
7566148,Blocked,3,3,Sweden
7566149,Incomplete,1,3,Sweden
7566152,Incomplete,2,3,Sweden
7566153,Incomplete,3,3,Sweden
7566157,Incomplete,1,3,Sweden
7566158,Incomplete,3,3,Sweden
7566159,Off T,3,3,Sweden
7566161,Incomplete,1,3,Sweden
7566162,Incomplete,3,3,Sweden
7566164,Incomplete,2,3,Sweden
7566165,Saved,3,3,Sweden
7566167,Saved,2,3,Sweden
7566169,Incomplete,3,3,Sweden
7566171,Out,3,3,Sweden
75534,Incomplete,2,2,South Korea
75536,Incomplete,2,3,South Korea
75538,Incomplete,1,2,South Korea
755311,Incomplete,1,1,South Korea
755312,Incomplete,2,2,South Korea
755313,Incomplete,2,3,South Korea
755314,Incomplete,3,3,South Korea
755318,Incomplete,2,2,South Korea
755319,Incomplete,2,3,South Korea
755320,Incomplete,3,3,South Korea
755322,Incomplete,1,2,South Korea
755323,Incomplete,3,3,South Korea
755324,Incomplete,3,3,South Korea
755325,Out,3,3,South Korea
755327,Incomplete,2,None,South Korea
755328,Off T,2,3,South Korea
755330,Incomplete,2,3,South Korea
755331,Incomplete,3,2,South Korea
755333,Incomplete,2,3,South Korea
755334,Saved,3,3,South Korea
755336,Incomplete,2,3,South Korea
755339,Incomplete,2,3,South Korea
755343,Incomplete,1,3,South Korea
755344,Goal,3,3,South Korea
755346,Saved,3,3,South Korea
755347,Incomplete,3,3,South Korea
755351,Incomplete,1,2,South Korea
755353,Injury Clearance,1,2,South Korea
755355,Incomplete,1,3,South Korea
755357,Incomplete,1,3,South Korea
755358,Incomplete,2,3,South Korea
755360,Incomplete,2,3,South Korea
755361,Incomplete,2,3,South Korea
755364,Incomplete,1,2,South Korea
755367,Incomplete,1,1,South Korea
755368,Incomplete,2,2,South Korea
755369,Incomplete,2,3,South Korea
755370,Off T,2,3,South Korea
755376,Incomplete,1,2,South Korea
755377,Incomplete,3,3,South Korea
755378,Incomplete,2,2,South Korea
755379,Incomplete,2,3,South Korea
755382,Incomplete,2,3,South Korea
755383,Incomplete,2,3,South Korea
755385,Incomplete,2,2,South Korea
755387,Incomplete,1,2,South Korea
755388,Incomplete,2,3,South Korea
755389,Incomplete,2,3,South Korea
755391,Off T,2,3,South Korea
755393,Incomplete,1,2,South Korea
755395,Off T,2,3,South Korea
755398,Incomplete,1,2,South Korea
755399,Incomplete,2,2,South Korea
7553101,Incomplete,2,3,South Korea
7553102,Incomplete,3,3,South Korea
7553104,Incomplete,1,2,South Korea
7553106,Incomplete,2,3,South Korea
7553108,Incomplete,1,2,South Korea
7553109,Blocked,2,3,South Korea
7553110,Incomplete,3,3,South Korea
7553112,Incomplete,1,3,South Korea
7553114,Blocked,1,3,South Korea
7553116,Off T,2,3,South Korea
7553118,Incomplete,1,2,South Korea
7553119,Incomplete,2,2,South Korea
7553121,Goal,1,3,South Korea
7553126,Incomplete,1,2,South Korea
7553127,Out,2,2,South Korea
7553129,Incomplete,1,2,South Korea
7553130,Incomplete,2,2,South Korea
7553132,Incomplete,1,1,South Korea
7553133,Incomplete,2,2,South Korea
7553135,Incomplete,2,2,South Korea
7553136,Incomplete,1,3,South Korea
7553140,Incomplete,1,3,South Korea
7553144,Incomplete,2,2,South Korea
7553145,Incomplete,2,3,South Korea
7553147,Incomplete,3,3,South Korea
7553149,Incomplete,2,2,South Korea
7553152,Incomplete,1,2,South Korea
7553154,Incomplete,1,2,South Korea
7553156,Incomplete,2,2,South Korea
7553158,Incomplete,1,3,South Korea
7553161,Incomplete,1,1,South Korea
7553162,Incomplete,1,3,South Korea
7553163,Off T,3,3,South Korea
7553165,Incomplete,2,2,South Korea
7553167,Incomplete,2,2,South Korea
7553168,Incomplete,2,3,South Korea
7553170,Incomplete,2,3,South Korea
75342,Incomplete,2,2,Germany
75344,Blocked,1,3,Germany
75345,Incomplete,3,3,Germany
753410,Incomplete,1,2,Germany
753411,Incomplete,2,3,Germany
753414,Incomplete,1,2,Germany
753416,Incomplete,1,3,Germany
753417,Off T,3,3,Germany
753419,Incomplete,1,2,Germany
753420,Saved,2,3,Germany
753424,Incomplete,1,2,Germany
753425,Incomplete,2,3,Germany
753426,Incomplete,3,3,Germany
753427,Incomplete,3,3,Germany
753428,Saved,3,3,Germany
753431,Incomplete,1,3,Germany
753433,Incomplete,1,2,Germany
753434,Out,2,2,Germany
753436,Incomplete,1,3,Germany
753438,Out,2,3,Germany
753439,Incomplete,3,3,Germany
753440,Incomplete,3,None,Germany
753442,Incomplete,1,2,Germany
753443,Incomplete,2,3,Germany
753446,Blocked,2,3,Germany
753448,Incomplete,2,2,Germany
753449,Incomplete,2,3,Germany
753453,Off T,1,3,Germany
753456,Incomplete,1,1,Germany
753457,Incomplete,1,1,Germany
753458,Saved,2,3,Germany
753460,Incomplete,3,None,Germany
753463,Incomplete,1,2,Germany
753466,Incomplete,1,3,Germany
753468,Incomplete,2,2,Germany
753470,Goal,2,3,Germany
753474,Incomplete,1,1,Germany
753475,Incomplete,1,3,Germany
753476,Incomplete,3,None,Germany
753480,Incomplete,1,2,Germany
753482,Out,1,3,Germany
753484,Incomplete,1,2,Germany
753486,Incomplete,1,3,Germany
753488,Off T,1,3,Germany
753492,Incomplete,1,2,Germany
753494,Incomplete,1,2,Germany
753496,Incomplete,2,1,Germany
753498,Incomplete,1,2,Germany
753499,Incomplete,2,2,Germany
7534100,Incomplete,2,3,Germany
7534101,Incomplete,3,2,Germany
7534102,Incomplete,2,3,Germany
7534106,Incomplete,1,3,Germany
7534108,Incomplete,1,2,Germany
7534111,Incomplete,1,1,Germany
7534113,Off T,1,3,Germany
7534115,Incomplete,1,3,Germany
7534118,Incomplete,2,3,Germany
7534121,Incomplete,2,3,Germany
7534123,Incomplete,1,3,Germany
7534125,Incomplete,2,3,Germany
7534127,Incomplete,2,2,Germany
7534128,Incomplete,2,3,Germany
7534131,Out,1,1,Germany
7534133,Pass Offside,1,3,Germany
7534135,Incomplete,1,2,Germany
7534137,Incomplete,1,2,Germany
7534139,Incomplete,1,2,Germany
7534143,Off T,1,3,Germany
7534145,Out,2,2,Germany
7534148,Incomplete,1,3,Germany
7534150,Incomplete,2,2,Germany
7534152,Incomplete,1,2,Germany
7534154,Off T,2,3,Germany
7534157,Incomplete,1,1,Germany
7534158,Incomplete,2,2,Germany
7534161,Incomplete,1,3,Germany
7534163,Incomplete,1,2,Germany
7534164,Out,3,3,Germany
7534166,Incomplete,1,2,Germany
7534167,Incomplete,3,3,Germany
7534169,Incomplete,1,2,Germany
7534171,Incomplete,1,3,Germany
7534176,Pass Offside,1,3,Germany
