caseID,result,start_Zone,end_Zone,opponent
75722,Incomplete,2,2,Japan
75723,Incomplete,3,2,Japan
75724,Incomplete,1,3,Japan
75725,Out,3,2,Japan
75727,Incomplete,1,2,Japan
757210,Incomplete,2,3,Japan
757212,Incomplete,2,3,Japan
757214,Incomplete,2,3,Japan
757217,Incomplete,1,2,Japan
757219,Incomplete,1,2,Japan
757220,Incomplete,2,2,Japan
757222,Incomplete,1,1,Japan
757224,Incomplete,1,2,Japan
757227,Incomplete,2,2,Japan
757228,Blocked,2,3,Japan
757230,Incomplete,1,2,Japan
757232,Incomplete,2,3,Japan
757233,Incomplete,3,3,Japan
757236,Incomplete,2,2,Japan
757238,Incomplete,2,3,Japan
757239,Incomplete,3,3,Japan
757242,Incomplete,1,1,Japan
757243,Blocked,2,3,Japan
757245,Incomplete,1,3,Japan
757252,Incomplete,2,3,Japan
757254,Incomplete,2,3,Japan
757256,Out,2,2,Japan
757258,Saved,3,3,Japan
757259,Off T,3,3,Japan
757261,Incomplete,2,2,Japan
757263,Incomplete,1,1,Japan
757265,Incomplete,1,3,Japan
757266,Off T,3,3,Japan
757268,Incomplete,1,2,Japan
757270,Incomplete,1,2,Japan
757273,Incomplete,1,2,Japan
757276,Incomplete,1,3,Japan
757278,Incomplete,1,1,Japan
757279,Incomplete,2,3,Japan
757280,Incomplete,3,3,Japan
757281,Incomplete,3,3,Japan
757283,Out,2,3,Japan
757285,Incomplete,2,2,Japan
757288,Incomplete,1,3,Japan
757289,Injury Clearance,2,2,Japan
757290,Incomplete,2,2,Japan
757291,Incomplete,2,3,Japan
757292,Incomplete,3,3,Japan
757293,Incomplete,3,3,Japan
757294,Incomplete,2,3,Japan
757295,Incomplete,3,3,Japan
757296,Incomplete,3,3,Japan
7572100,Incomplete,1,2,Japan
7572101,Incomplete,1,2,Japan
7572103,Incomplete,2,3,Japan
7572105,Incomplete,1,3,Japan
7572108,Out,1,2,Japan
7572110,Incomplete,1,1,Japan
7572113,Incomplete,1,3,Japan
7572114,Goal,3,3,Japan
7572116,Out,2,2,Japan
7572118,Blocked,1,3,Japan
7572120,Incomplete,1,3,Japan
7572121,Incomplete,3,3,Japan
7572123,Off T,2,3,Japan
7572124,Out,2,3,Japan
7572126,Incomplete,1,2,Japan
7572128,Incomplete,2,3,Japan
7572131,Incomplete,2,3,Japan
7572133,Out,3,1,Japan
7572135,Off T,1,3,Japan
7572137,Incomplete,1,2,Japan
7572139,Incomplete,1,2,Japan
7572140,Incomplete,2,3,Japan
7572141,Off T,3,3,Japan
7572143,Incomplete,2,3,Japan
7572144,Blocked,3,3,Japan
7572145,Incomplete,3,3,Japan
7572146,Incomplete,2,3,Japan
7572147,Incomplete,3,3,Japan
7572148,Out,3,3,Japan
75552,Incomplete,2,3,Colombia
75553,Incomplete,3,3,Colombia
75555,Incomplete,1,2,Colombia
75556,Blocked,2,3,Colombia
75557,Incomplete,3,3,Colombia
75559,Incomplete,2,3,Colombia
755510,Incomplete,3,3,Colombia
755511,Incomplete,3,3,Colombia
755513,Incomplete,1,3,Colombia
755515,Incomplete,2,3,Colombia
755518,Incomplete,1,2,Colombia
755520,Incomplete,2,2,Colombia
755522,Incomplete,2,3,Colombia
755524,Out,2,1,Colombia
755526,Incomplete,1,2,Colombia
755527,Incomplete,2,3,Colombia
755529,Incomplete,1,3,Colombia
755530,Incomplete,2,3,Colombia
755533,Incomplete,1,2,Colombia
755535,Incomplete,1,2,Colombia
755537,Incomplete,1,2,Colombia
755538,Blocked,2,3,Colombia
755539,Incomplete,3,3,Colombia
755540,Incomplete,3,3,Colombia
755541,Incomplete,3,3,Colombia
755542,Incomplete,3,3,Colombia
755545,Incomplete,1,3,Colombia
755546,Incomplete,3,3,Colombia
755548,Incomplete,1,3,Colombia
755552,Out,1,2,Colombia
755554,Incomplete,1,2,Colombia
755555,Incomplete,3,2,Colombia
755557,Incomplete,1,2,Colombia
755558,Incomplete,2,2,Colombia
755561,Incomplete,1,2,Colombia
755563,Incomplete,1,2,Colombia
755565,Incomplete,2,3,Colombia
755568,Incomplete,2,3,Colombia
755570,Incomplete,2,3,Colombia
755573,Incomplete,2,3,Colombia
755574,Incomplete,3,3,Colombia
755576,Incomplete,2,2,Colombia
755577,Out,3,3,Colombia
755582,Incomplete,1,1,Colombia
755584,Incomplete,1,2,Colombia
755586,Incomplete,2,3,Colombia
755587,Incomplete,3,3,Colombia
755591,Incomplete,1,2,Colombia
755593,Incomplete,2,3,Colombia
755595,Incomplete,2,3,Colombia
755597,Off T,2,3,Colombia
755598,Injury Clearance,2,3,Colombia
7555100,Incomplete,2,2,Colombia
7555102,Incomplete,1,2,Colombia
7555104,Incomplete,1,3,Colombia
7555105,Off T,3,3,Colombia
7555107,Out,1,2,Colombia
7555109,Incomplete,2,2,Colombia
7555111,Incomplete,2,3,Colombia
7555113,Incomplete,2,2,Colombia
7555114,Incomplete,2,3,Colombia
7555116,Incomplete,1,3,Colombia
7555119,Out,2,3,Colombia
7555121,Incomplete,3,3,Colombia
7555123,Incomplete,2,3,Colombia
7555126,Saved,1,3,Colombia
7555128,Incomplete,2,2,Colombia
7555129,Incomplete,2,2,Colombia
7555130,Incomplete,2,3,Colombia
7555132,Incomplete,3,3,Colombia
7555135,Incomplete,1,2,Colombia
7555139,Out,2,3,Colombia
7555143,Incomplete,1,3,Colombia
7555144,Blocked,3,3,Colombia
7555146,Incomplete,2,2,Colombia
7555147,Incomplete,3,3,Colombia
7555150,Incomplete,2,3,Colombia
7555151,Incomplete,3,3,Colombia
7555153,Off T,3,3,Colombia
7555155,Incomplete,1,2,Colombia
7555157,Incomplete,2,3,Colombia
7555158,Incomplete,3,3,Colombia
7555160,Incomplete,3,3,Colombia
7555161,Incomplete,3,3,Colombia
7555163,Incomplete,2,2,Colombia
7555165,Incomplete,2,2,Colombia
7555166,Incomplete,1,3,Colombia
7555168,Incomplete,1,3,Colombia
7555169,Blocked,3,3,Colombia
7555171,Injury Clearance,2,3,Colombia
7555174,Incomplete,1,3,Colombia
7555176,Out,2,3,Colombia
7555178,Out,1,3,Colombia
7555180,Saved,3,3,Colombia
7555181,Incomplete,3,3,Colombia
7555183,Incomplete,2,3,Colombia
7555185,Incomplete,1,3,Colombia
7555187,Incomplete,2,2,Colombia
7555191,Incomplete,2,3,Colombia
7555193,Incomplete,2,2,Colombia
75393,Incomplete,1,3,Senegal
75395,Incomplete,2,3,Senegal
75397,Out,1,1,Senegal
75399,Incomplete,2,3,Senegal
753914,Pass Offside,1,3,Senegal
753916,Incomplete,1,2,Senegal
753918,Incomplete,1,2,Senegal
753920,Incomplete,2,2,Senegal
753922,Incomplete,1,2,Senegal
753924,Out,3,3,Senegal
753926,Incomplete,2,2,Senegal
753928,Incomplete,1,3,Senegal
753929,Out,3,3,Senegal
753931,Incomplete,1,3,Senegal
753933,Incomplete,2,3,Senegal
753934,Blocked,3,3,Senegal
753937,Incomplete,1,2,Senegal
753939,Incomplete,1,3,Senegal
753940,Incomplete,3,3,Senegal
753941,Off T,2,3,Senegal
753944,Out,1,2,Senegal
753946,Incomplete,1,2,Senegal
753947,Incomplete,2,2,Senegal
753949,Incomplete,1,2,Senegal
753951,Incomplete,1,2,Senegal
753952,Incomplete,3,3,Senegal
753954,Incomplete,1,2,Senegal
753955,Incomplete,2,3,Senegal
753957,Out,1,2,Senegal
753959,Incomplete,2,3,Senegal
753962,Incomplete,1,2,Senegal
753964,Incomplete,2,3,Senegal
753967,Injury Clearance,2,2,Senegal
753968,Incomplete,1,3,Senegal
753970,Incomplete,2,3,Senegal
753974,Incomplete,2,2,Senegal
753976,Incomplete,2,3,Senegal
753978,Incomplete,1,2,Senegal
753980,Incomplete,2,3,Senegal
753982,Incomplete,1,1,Senegal
753984,Incomplete,2,3,Senegal
753986,Incomplete,1,2,Senegal
753987,Incomplete,3,3,Senegal
753988,Pass Offside,3,3,Senegal
753990,Incomplete,2,None,Senegal
753991,Saved,3,3,Senegal
753992,Incomplete,3,3,Senegal
753994,Incomplete,2,3,Senegal
753995,Incomplete,3,3,Senegal
753998,Out,1,2,Senegal
7539100,Incomplete,1,3,Senegal
7539102,Off T,1,3,Senegal
7539105,Out,1,3,Senegal
7539107,Incomplete,2,2,Senegal
7539108,Incomplete,2,1,Senegal
7539110,Incomplete,3,3,Senegal
7539112,Incomplete,2,3,Senegal
7539115,Incomplete,1,2,Senegal
7539117,Incomplete,1,2,Senegal
7539119,Incomplete,1,3,Senegal
7539120,Blocked,3,3,Senegal
7539121,Incomplete,3,3,Senegal
7539122,Out,2,3,Senegal
7539124,Incomplete,1,2,Senegal
7539126,Incomplete,3,3,Senegal
7539127,Off T,3,3,Senegal
7539129,Incomplete,1,3,Senegal
7539131,Incomplete,2,3,Senegal
7539133,Incomplete,2,2,Senegal
7539134,Incomplete,3,3,Senegal
7539136,Incomplete,1,1,Senegal
7539138,Incomplete,1,3,Senegal
7539140,Incomplete,2,2,Senegal
7539142,Incomplete,2,3,Senegal
7539144,Incomplete,2,2,Senegal
7539145,Incomplete,2,2,Senegal
7539147,Saved,1,3,Senegal
7539150,Incomplete,1,3,Senegal
7539153,Incomplete,3,3,Senegal
7539155,Out,3,3,Senegal
7539157,Incomplete,1,3,Senegal
7539159,Incomplete,1,2,Senegal
7539160,Goal,2,3,Senegal
7539162,Incomplete,1,3,Senegal
7539166,Incomplete,3,3,Senegal
7539168,Incomplete,1,3,Senegal
7539171,Incomplete,1,3,Senegal
7539172,Incomplete,3,3,Senegal
7539174,Incomplete,1,1,Senegal
