caseID,result,start_Zone,end_Zone,opponent
75792,Incomplete,2,2,Uruguay
75794,Incomplete,1,1,Uruguay
75796,Incomplete,1,2,Uruguay
75798,Off T,1,3,Uruguay
757910,Out,2,2,Uruguay
757913,Saved,1,3,Uruguay
757915,Incomplete,2,3,Uruguay
757916,Incomplete,3,3,Uruguay
757918,Pass Offside,2,3,Uruguay
757920,Incomplete,1,3,Uruguay
757921,Off T,3,3,Uruguay
757923,Blocked,1,3,Uruguay
757926,Incomplete,2,2,Uruguay
757927,Incomplete,1,2,Uruguay
757930,Incomplete,1,1,Uruguay
757932,Blocked,2,3,Uruguay
757934,Blocked,3,3,Uruguay
757936,Incomplete,2,3,Uruguay
757938,Incomplete,2,3,Uruguay
757940,Incomplete,2,3,Uruguay
757943,Incomplete,1,2,Uruguay
757945,Incomplete,2,3,Uruguay
757947,Incomplete,1,2,Uruguay
757948,Incomplete,3,3,Uruguay
757950,Incomplete,3,3,Uruguay
757955,Incomplete,1,3,Uruguay
757957,Incomplete,1,3,Uruguay
757959,Incomplete,2,3,Uruguay
757960,Blocked,3,3,Uruguay
757962,Out,1,3,Uruguay
757964,Out,1,2,Uruguay
757966,Incomplete,2,3,Uruguay
757967,Incomplete,3,3,Uruguay
757969,Incomplete,1,3,Uruguay
757970,Injury Clearance,3,3,Uruguay
757972,Incomplete,2,2,Uruguay
757973,Incomplete,3,3,Uruguay
757974,Incomplete,2,3,Uruguay
757976,Incomplete,2,None,Uruguay
757979,Incomplete,1,2,Uruguay
757980,Incomplete,2,2,Uruguay
757982,Incomplete,1,3,Uruguay
757983,Incomplete,3,3,Uruguay
757987,Incomplete,2,2,Uruguay
757990,Incomplete,1,1,Uruguay
757991,Incomplete,1,1,Uruguay
757993,Incomplete,1,3,Uruguay
757995,Incomplete,2,1,Uruguay
757996,Out,1,3,Uruguay
757999,Incomplete,1,2,Uruguay
7579101,Incomplete,2,None,Uruguay
7579102,Incomplete,2,3,Uruguay
7579104,Incomplete,1,3,Uruguay
7579105,Incomplete,3,3,Uruguay
7579106,Off T,3,3,Uruguay
7579108,Incomplete,1,2,Uruguay
7579109,Incomplete,2,3,Uruguay
7579111,Blocked,2,3,Uruguay
7579112,Goal,3,3,Uruguay
7579114,Incomplete,2,3,Uruguay
7579118,Incomplete,1,3,Uruguay
7579119,Incomplete,3,3,Uruguay
7579121,Blocked,2,3,Uruguay
7579122,Incomplete,3,3,Uruguay
7579123,Incomplete,3,3,Uruguay
7579125,Incomplete,3,3,Uruguay
7579126,Incomplete,3,3,Uruguay
7579127,Incomplete,3,3,Uruguay
7579128,Incomplete,2,3,Uruguay
7579130,Incomplete,1,3,Uruguay
7579131,Out,3,3,Uruguay
7579133,Out,1,3,Uruguay
7579134,Off T,3,3,Uruguay
7579136,Incomplete,1,3,Uruguay
7579138,Blocked,3,3,Uruguay
7579139,Incomplete,2,3,Uruguay
7579141,Out,1,3,Uruguay
7579142,Incomplete,2,2,Uruguay
7579144,Incomplete,1,3,Uruguay
7579145,Off T,3,3,Uruguay
7579147,Incomplete,1,3,Uruguay
7579148,Blocked,3,3,Uruguay
7579150,Incomplete,2,3,Uruguay
7579151,Incomplete,3,3,Uruguay
7579154,Incomplete,1,3,Uruguay
7579155,Incomplete,2,3,Uruguay
7579157,Incomplete,2,3,Uruguay
7579160,Saved,2,3,Uruguay
7579162,Off T,2,3,Uruguay
7579165,Incomplete,1,2,Uruguay
7579166,Incomplete,3,3,Uruguay
7579168,Incomplete,1,2,Uruguay
7579171,Off T,1,3,Uruguay
7579173,Incomplete,2,3,Uruguay
7579175,Incomplete,1,3,Uruguay
7579177,Saved,2,3,Uruguay
7579178,Incomplete,3,3,Uruguay
7579180,Incomplete,1,2,Uruguay
75572,Incomplete,2,2,Iran
75573,Out,2,3,Iran
75575,Saved,2,3,Iran
75577,Incomplete,2,3,Iran
75579,Incomplete,1,3,Iran
755711,Incomplete,1,3,Iran
755713,Incomplete,3,3,Iran
755715,Incomplete,2,2,Iran
755717,Off T,2,3,Iran
755720,Incomplete,1,2,Iran
755723,Incomplete,1,3,Iran
755724,Incomplete,3,3,Iran
755725,Incomplete,3,3,Iran
755726,Blocked,3,3,Iran
755727,Blocked,3,3,Iran
755728,Off T,3,3,Iran
755730,Incomplete,1,3,Iran
755732,Incomplete,1,2,Iran
755735,Incomplete,1,2,Iran
755737,Incomplete,1,1,Iran
755739,Pass Offside,2,1,Iran
755740,Incomplete,1,2,Iran
755741,Incomplete,2,3,Iran
755743,Incomplete,3,3,Iran
755744,Incomplete,3,3,Iran
755746,Incomplete,1,2,Iran
755749,Incomplete,1,1,Iran
755750,Incomplete,2,1,Iran
755751,Incomplete,2,3,Iran
755752,Incomplete,3,3,Iran
755754,Incomplete,3,3,Iran
755755,Incomplete,3,3,Iran
755757,Incomplete,1,3,Iran
755759,Incomplete,1,2,Iran
755760,Saved,3,3,Iran
755762,Incomplete,1,2,Iran
755765,Off T,1,3,Iran
755767,Incomplete,2,3,Iran
755769,Goal,2,3,Iran
755772,Incomplete,1,3,Iran
755774,Incomplete,2,2,Iran
755776,Incomplete,1,2,Iran
755778,Incomplete,1,2,Iran
755780,Incomplete,1,None,Iran
755782,Incomplete,1,3,Iran
755784,Incomplete,2,3,Iran
755785,Incomplete,3,3,Iran
755786,Saved,3,3,Iran
755788,Incomplete,2,3,Iran
755790,Incomplete,2,3,Iran
755794,Incomplete,1,1,Iran
755797,Incomplete,1,1,Iran
755798,Out,3,3,Iran
7557100,Incomplete,2,3,Iran
7557101,Incomplete,3,3,Iran
7557102,Incomplete,3,3,Iran
7557103,Blocked,3,3,Iran
7557105,Incomplete,2,3,Iran
7557107,Incomplete,1,2,Iran
7557108,Incomplete,3,2,Iran
7557110,Incomplete,1,2,Iran
7557112,Off T,1,3,Iran
7557114,Incomplete,1,1,Iran
7557116,Incomplete,2,3,Iran
7557118,Incomplete,1,2,Iran
7557119,Incomplete,2,2,Iran
7557121,Incomplete,2,2,Iran
7557122,Off T,2,3,Iran
7557125,Incomplete,2,3,Iran
7557127,Incomplete,2,2,Iran
7557129,Incomplete,2,2,Iran
7557130,Incomplete,2,2,Iran
7557133,Incomplete,1,3,Iran
7557135,Off T,3,3,Iran
7557137,Incomplete,2,2,Iran
7557139,Out,2,3,Iran
7557141,Incomplete,2,2,Iran
7557144,Incomplete,1,3,Iran
7557146,Incomplete,2,3,Iran
7557148,Incomplete,2,3,Iran
7557150,Out,2,3,Iran
7557152,Incomplete,2,2,Iran
7557154,Incomplete,3,3,Iran
7557157,Incomplete,1,2,Iran
7557161,Incomplete,1,2,Iran
7557163,Incomplete,1,3,Iran
7557165,Incomplete,1,2,Iran
75761,Incomplete,2,None,Spain
75763,Incomplete,1,3,Spain
75764,Goal,3,3,Spain
75766,Incomplete,1,2,Spain
75767,Pass Offside,2,2,Spain
757610,Incomplete,1,3,Spain
757612,Incomplete,1,2,Spain
757614,Incomplete,1,3,Spain
757616,Incomplete,2,3,Spain
757619,Out,1,2,Spain
757621,Incomplete,1,2,Spain
757623,Blocked,1,3,Spain
757624,Incomplete,3,3,Spain
757626,Blocked,3,3,Spain
757628,Incomplete,1,2,Spain
757632,Incomplete,1,3,Spain
757633,Incomplete,2,3,Spain
757635,Incomplete,2,3,Spain
757637,Incomplete,2,2,Spain
757639,Incomplete,1,2,Spain
757642,Out,1,3,Spain
757644,Incomplete,1,2,Spain
757645,Incomplete,2,2,Spain
757648,Incomplete,1,2,Spain
757650,Incomplete,1,1,Spain
757652,Incomplete,1,1,Spain
757654,Out,1,2,Spain
757656,Incomplete,1,3,Spain
757658,Out,1,3,Spain
757661,Incomplete,1,2,Spain
757662,Incomplete,2,2,Spain
757666,Incomplete,2,None,Spain
757668,Goal,1,3,Spain
757671,Incomplete,2,1,Spain
757672,Incomplete,2,2,Spain
757675,Out,1,2,Spain
757677,Incomplete,1,3,Spain
757679,Off T,3,3,Spain
757682,Out,1,2,Spain
757685,Out,2,3,Spain
757687,Incomplete,1,2,Spain
757690,Incomplete,2,2,Spain
757691,Incomplete,2,2,Spain
757692,Incomplete,2,3,Spain
757694,Incomplete,2,2,Spain
757696,Incomplete,2,2,Spain
757697,Incomplete,2,2,Spain
757698,Out,3,3,Spain
7576100,Out,1,2,Spain
7576102,Incomplete,3,3,Spain
7576105,Incomplete,3,3,Spain
7576106,Incomplete,3,3,Spain
7576109,Incomplete,1,2,Spain
7576111,Incomplete,1,3,Spain
7576113,Incomplete,1,3,Spain
7576114,Out,3,3,Spain
7576117,Incomplete,2,3,Spain
7576120,Incomplete,1,3,Spain
7576121,Incomplete,3,3,Spain
7576122,Incomplete,3,3,Spain
7576125,Incomplete,1,2,Spain
7576127,Incomplete,1,1,Spain
7576128,Incomplete,1,3,Spain
7576129,Off T,3,3,Spain
7576131,Incomplete,1,2,Spain
7576132,Incomplete,2,2,Spain
7576134,Incomplete,3,3,Spain
7576135,Incomplete,3,2,Spain
7576136,Incomplete,2,3,Spain
7576138,Incomplete,1,2,Spain
7576139,Incomplete,1,1,Spain
7576140,Out,2,2,Spain
7576142,Out,1,2,Spain
7576144,Incomplete,2,3,Spain
7576145,Goal,3,3,Spain
7576147,Incomplete,1,2,Spain
7576148,Incomplete,2,3,Spain
7576150,Incomplete,3,3,Spain
7576151,Blocked,3,3,Spain
7576153,Off T,3,3,Spain
7576156,Incomplete,2,2,Spain
75421,Incomplete,2,None,Morocco
75423,Incomplete,1,2,Morocco
75426,Incomplete,1,3,Morocco
75427,Blocked,3,3,Morocco
75428,Goal,3,3,Morocco
754211,Incomplete,1,2,Morocco
754212,Incomplete,1,2,Morocco
754213,Incomplete,3,3,Morocco
754215,Off T,2,3,Morocco
754217,Incomplete,1,1,Morocco
754220,Incomplete,1,2,Morocco
754223,Incomplete,1,2,Morocco
754224,Incomplete,2,2,Morocco
754229,Incomplete,1,2,Morocco
754230,Out,2,3,Morocco
754232,Incomplete,2,3,Morocco
754234,Incomplete,2,2,Morocco
754235,Incomplete,2,2,Morocco
754238,Incomplete,1,2,Morocco
754243,Incomplete,2,2,Morocco
754245,Incomplete,1,3,Morocco
754248,Incomplete,1,2,Morocco
754250,Incomplete,1,2,Morocco
754251,Incomplete,2,3,Morocco
754254,Out,1,3,Morocco
754256,Incomplete,1,2,Morocco
754258,Incomplete,2,2,Morocco
754261,Incomplete,1,2,Morocco
754263,Blocked,3,3,Morocco
754264,Incomplete,2,3,Morocco
754265,Incomplete,3,3,Morocco
754267,Out,1,2,Morocco
754270,Incomplete,1,1,Morocco
754271,Incomplete,1,3,Morocco
754273,Out,2,2,Morocco
754277,Saved,2,2,Morocco
754278,Incomplete,2,3,Morocco
754280,Incomplete,2,3,Morocco
754282,Incomplete,1,3,Morocco
754283,Incomplete,1,2,Morocco
754287,Incomplete,1,2,Morocco
754289,Incomplete,1,None,Morocco
754291,Incomplete,1,3,Morocco
754294,Incomplete,1,2,Morocco
754297,Incomplete,2,3,Morocco
754298,Pass Offside,2,3,Morocco
7542100,Incomplete,2,2,Morocco
7542102,Incomplete,2,3,Morocco
7542103,Off T,3,3,Morocco
7542107,Incomplete,1,1,Morocco
7542108,Incomplete,2,2,Morocco
7542109,Off T,2,2,Morocco
7542110,Out,2,3,Morocco
7542112,Incomplete,2,2,Morocco
7542115,Incomplete,2,3,Morocco
7542117,Incomplete,2,None,Morocco
7542120,Incomplete,1,3,Morocco
7542122,Out,2,3,Morocco
7542126,Incomplete,2,3,Morocco
7542127,Incomplete,3,3,Morocco
7542129,Out,1,2,Morocco
7542131,Incomplete,1,2,Morocco
7542136,Incomplete,1,1,Morocco
7542139,Incomplete,1,2,Morocco
7542140,Incomplete,2,3,Morocco
7542142,Incomplete,3,2,Morocco
7542144,Incomplete,1,1,Morocco
7542146,Blocked,2,3,Morocco
7542148,Incomplete,3,3,Morocco
7542150,Incomplete,3,2,Morocco
7542153,Incomplete,1,2,Morocco
7542158,Incomplete,2,2,Morocco
7542160,Incomplete,1,1,Morocco
7542163,Incomplete,2,2,Morocco
7542166,Incomplete,1,2,Morocco
7542170,Off T,2,3,Morocco
7542171,Incomplete,3,None,Morocco
7542173,Incomplete,1,2,Morocco
7542174,Blocked,3,3,Morocco
7542175,Incomplete,2,3,Morocco
7542178,Incomplete,1,2,Morocco
7542179,Incomplete,2,3,Morocco
7542181,Incomplete,3,2,Morocco
7542182,Incomplete,2,2,Morocco
7542186,Incomplete,1,2,Morocco
7542190,Incomplete,3,3,Morocco
7542191,Incomplete,3,3,Morocco
7542194,Off T,1,3,Morocco
