caseID,result,start_Zone,end_Zone,opponent
75656,Incomplete,1,2,Brazil
75658,Incomplete,1,3,Brazil
756511,Pass Offside,1,3,Brazil
756514,Incomplete,2,2,Brazil
756515,Incomplete,2,3,Brazil
756517,Incomplete,2,3,Brazil
756519,Incomplete,2,3,Brazil
756521,Incomplete,1,2,Brazil
756523,Incomplete,1,3,Brazil
756525,Incomplete,2,None,Brazil
756526,Incomplete,2,3,Brazil
756527,Incomplete,3,2,Brazil
756529,Out,2,3,Brazil
756531,Blocked,3,3,Brazil
756532,Incomplete,3,3,Brazil
756534,Incomplete,2,3,Brazil
756536,Incomplete,2,3,Brazil
756538,Incomplete,1,3,Brazil
756542,Incomplete,1,3,Brazil
756543,Incomplete,3,3,Brazil
756545,Incomplete,1,2,Brazil
756550,Out,2,2,Brazil
756554,Incomplete,1,2,Brazil
756555,Incomplete,2,2,Brazil
756557,Incomplete,1,2,Brazil
756558,Incomplete,3,3,Brazil
756561,Incomplete,1,2,Brazil
756563,Off T,2,1,Brazil
756565,Incomplete,1,2,Brazil
756567,Incomplete,2,3,Brazil
756570,Incomplete,2,3,Brazil
756571,Off T,3,3,Brazil
756573,Incomplete,2,3,Brazil
756574,Incomplete,3,3,Brazil
756577,Incomplete,2,3,Brazil
756580,Out,1,2,Brazil
756582,Incomplete,2,2,Brazil
756585,Incomplete,2,3,Brazil
756586,Incomplete,2,2,Brazil
756587,Incomplete,1,2,Brazil
756590,Incomplete,1,2,Brazil
756591,Incomplete,2,3,Brazil
756594,Out,1,3,Brazil
756598,Incomplete,2,2,Brazil
7565100,Incomplete,1,3,Brazil
7565102,Blocked,2,3,Brazil
7565104,Incomplete,2,3,Brazil
7565105,Incomplete,3,3,Brazil
7565110,Incomplete,2,3,Brazil
7565113,Blocked,2,3,Brazil
7565115,Incomplete,1,2,Brazil
7565117,Incomplete,2,2,Brazil
7565119,Saved,2,3,Brazil
7565126,Incomplete,1,3,Brazil
7565127,Incomplete,3,3,Brazil
7565131,Incomplete,2,3,Brazil
7565132,Incomplete,3,3,Brazil
7565134,Incomplete,1,1,Brazil
7565136,Incomplete,1,3,Brazil
7565138,Incomplete,2,3,Brazil
7565140,Incomplete,1,2,Brazil
7565142,Incomplete,1,3,Brazil
7565144,Off T,2,3,Brazil
7565146,Incomplete,2,3,Brazil
7565148,Incomplete,2,2,Brazil
7565151,Incomplete,1,2,Brazil
7565153,Incomplete,2,3,Brazil
7565155,Incomplete,2,3,Brazil
7565157,Blocked,2,3,Brazil
7565159,Incomplete,1,1,Brazil
7565161,Incomplete,2,3,Brazil
7565162,Incomplete,3,3,Brazil
7565163,Incomplete,3,3,Brazil
7565165,Incomplete,2,3,Brazil
7565167,Off T,1,3,Brazil
75503,Incomplete,1,3,Switzerland
75505,Incomplete,3,3,Switzerland
75508,Saved,1,3,Switzerland
75509,Incomplete,3,3,Switzerland
755011,Goal,3,3,Switzerland
755017,Incomplete,1,2,Switzerland
755019,Incomplete,1,3,Switzerland
755020,Incomplete,3,3,Switzerland
755022,Incomplete,1,3,Switzerland
755024,Incomplete,1,2,Switzerland
755026,Off T,2,3,Switzerland
755028,Incomplete,2,3,Switzerland
755030,Incomplete,2,3,Switzerland
755032,Off T,2,3,Switzerland
755034,Incomplete,2,3,Switzerland
755036,Incomplete,1,2,Switzerland
755038,Incomplete,1,2,Switzerland
755040,Off T,2,3,Switzerland
755042,Incomplete,1,3,Switzerland
755043,Incomplete,3,3,Switzerland
755045,Incomplete,2,3,Switzerland
755046,Incomplete,3,3,Switzerland
755047,Incomplete,3,3,Switzerland
755050,Incomplete,1,2,Switzerland
755051,Incomplete,2,2,Switzerland
755053,Incomplete,1,3,Switzerland
755056,Incomplete,1,3,Switzerland
755058,Incomplete,2,3,Switzerland
755060,Incomplete,1,2,Switzerland
755063,Incomplete,1,3,Switzerland
755065,Incomplete,1,2,Switzerland
755068,Incomplete,2,3,Switzerland
755070,Incomplete,1,3,Switzerland
755072,Out,2,3,Switzerland
755074,Incomplete,3,3,Switzerland
755077,Saved,3,3,Switzerland
755079,Incomplete,1,2,Switzerland
755082,Incomplete,1,2,Switzerland
755084,Incomplete,1,3,Switzerland
755085,Off T,3,3,Switzerland
755087,Incomplete,2,3,Switzerland
755088,Off T,3,3,Switzerland
755090,Incomplete,1,3,Switzerland
755092,Incomplete,1,2,Switzerland
755093,Off T,2,2,Switzerland
755095,Incomplete,2,2,Switzerland
755098,Incomplete,2,3,Switzerland
7550100,Incomplete,3,3,Switzerland
7550103,Incomplete,1,3,Switzerland
7550106,Incomplete,1,2,Switzerland
7550109,Incomplete,3,3,Switzerland
7550110,Off T,3,3,Switzerland
7550113,Out,1,3,Switzerland
7550115,Incomplete,1,3,Switzerland
7550118,Incomplete,2,2,Switzerland
7550119,Incomplete,2,3,Switzerland
7550123,Incomplete,1,1,Switzerland
7550125,Incomplete,1,2,Switzerland
7550127,Incomplete,1,2,Switzerland
7550129,Incomplete,2,3,Switzerland
7550132,Incomplete,1,2,Switzerland
7550134,Incomplete,1,1,Switzerland
7550135,Incomplete,1,2,Switzerland
7550137,Incomplete,1,3,Switzerland
7550139,Out,2,2,Switzerland
7550141,Incomplete,2,3,Switzerland
7550143,Incomplete,2,3,Switzerland
7550145,Incomplete,1,2,Switzerland
7550146,Out,2,3,Switzerland
7550148,Incomplete,1,3,Switzerland
7550149,Incomplete,2,3,Switzerland
7550152,Incomplete,1,3,Switzerland
7550153,Incomplete,3,2,Switzerland
7550154,Incomplete,2,3,Switzerland
7550156,Incomplete,1,3,Switzerland
7550157,Incomplete,1,2,Switzerland
7550158,Incomplete,2,3,Switzerland
7550160,Blocked,2,3,Switzerland
7550162,Incomplete,2,2,Switzerland
7550163,Incomplete,3,3,Switzerland
7550165,Out,2,3,Switzerland
7550169,Incomplete,1,3,Switzerland
7550171,Incomplete,1,1,Switzerland
7550174,Incomplete,1,2,Switzerland
7550176,Incomplete,1,3,Switzerland
7550181,Incomplete,1,3,Switzerland
7550182,Incomplete,3,3,Switzerland
7550184,Incomplete,1,2,Switzerland
7550187,Incomplete,1,2,Switzerland
7550189,Incomplete,2,3,Switzerland
7550192,Incomplete,1,1,Switzerland
7550194,Incomplete,1,2,Switzerland
7550197,Incomplete,1,3,Switzerland
7550199,Incomplete,1,2,Switzerland
75352,Incomplete,2,3,Costa Rica
75353,Blocked,3,3,Costa Rica
75356,Incomplete,1,1,Costa Rica
75357,Out,1,2,Costa Rica
75359,Incomplete,2,3,Costa Rica
753510,Incomplete,3,3,Costa Rica
753515,Incomplete,2,None,Costa Rica
753516,Incomplete,2,3,Costa Rica
753518,Off T,1,3,Costa Rica
753520,Incomplete,1,2,Costa Rica
753522,Incomplete,1,2,Costa Rica
753528,Incomplete,1,3,Costa Rica
753529,Blocked,2,3,Costa Rica
753531,Incomplete,1,1,Costa Rica
753532,Incomplete,2,2,Costa Rica
753534,Incomplete,1,3,Costa Rica
753536,Incomplete,2,3,Costa Rica
753539,Incomplete,1,3,Costa Rica
753541,Incomplete,2,3,Costa Rica
753542,Incomplete,2,3,Costa Rica
753544,Incomplete,2,3,Costa Rica
753546,Incomplete,1,3,Costa Rica
753548,Incomplete,2,3,Costa Rica
753550,Incomplete,1,2,Costa Rica
753551,Incomplete,2,3,Costa Rica
753554,Pass Offside,1,3,Costa Rica
753556,Incomplete,1,2,Costa Rica
753558,Incomplete,2,3,Costa Rica
753560,Out,1,3,Costa Rica
753562,Incomplete,1,2,Costa Rica
753563,Incomplete,2,3,Costa Rica
753565,Out,2,3,Costa Rica
753567,Incomplete,2,2,Costa Rica
753568,Incomplete,2,3,Costa Rica
753569,Incomplete,3,3,Costa Rica
753571,Incomplete,1,3,Costa Rica
753574,Incomplete,1,2,Costa Rica
753577,Incomplete,2,None,Costa Rica
753578,Incomplete,3,2,Costa Rica
753580,Out,1,2,Costa Rica
753581,Incomplete,2,3,Costa Rica
753583,Incomplete,3,3,Costa Rica
753585,Incomplete,2,2,Costa Rica
753587,Incomplete,1,3,Costa Rica
753593,Incomplete,2,2,Costa Rica
753595,Incomplete,2,3,Costa Rica
753597,Saved,2,3,Costa Rica
753598,Incomplete,3,3,Costa Rica
7535100,Incomplete,2,3,Costa Rica
7535101,Incomplete,3,3,Costa Rica
7535102,Incomplete,2,2,Costa Rica
7535103,Incomplete,3,3,Costa Rica
7535104,Off T,3,3,Costa Rica
7535106,Incomplete,1,1,Costa Rica
7535107,Incomplete,1,2,Costa Rica
7535109,Goal,3,3,Costa Rica
7535112,Incomplete,1,3,Costa Rica
7535115,Incomplete,1,2,Costa Rica
7535118,Incomplete,1,2,Costa Rica
7535120,Incomplete,1,2,Costa Rica
7535122,Incomplete,1,3,Costa Rica
7535124,Incomplete,2,3,Costa Rica
7535126,Incomplete,1,2,Costa Rica
7535128,Incomplete,2,3,Costa Rica
7535129,Off T,3,3,Costa Rica
7535131,Incomplete,2,2,Costa Rica
7535134,Incomplete,1,2,Costa Rica
7535139,Incomplete,3,3,Costa Rica
7535140,Incomplete,3,3,Costa Rica
7535142,Incomplete,2,3,Costa Rica
7535144,Off T,2,3,Costa Rica
7535145,Incomplete,2,3,Costa Rica
7535146,Incomplete,2,3,Costa Rica
7535148,Blocked,3,3,Costa Rica
7535150,Incomplete,3,2,Costa Rica
7535151,Incomplete,2,3,Costa Rica
7535154,Incomplete,2,3,Costa Rica
7535156,Incomplete,1,2,Costa Rica
7535157,Out,2,3,Costa Rica
7535159,Incomplete,1,3,Costa Rica
7535161,Incomplete,1,3,Costa Rica
7535163,Pass Offside,2,3,Costa Rica
7535165,Incomplete,2,3,Costa Rica
7535168,Incomplete,1,2,Costa Rica
7535170,Incomplete,1,2,Costa Rica
7535171,Off T,2,3,Costa Rica
7535173,Incomplete,1,3,Costa Rica
7535175,Incomplete,1,1,Costa Rica
7535178,Out,1,3,Costa Rica
