caseID,result,start_Zone,end_Zone,opponent
75673,Out,2,3,Germany
75675,Out,3,3,Germany
75678,Incomplete,2,None,Germany
756710,Incomplete,2,3,Germany
756711,Incomplete,2,3,Germany
756713,Out,1,2,Germany
756715,Incomplete,3,3,Germany
756718,Out,1,3,Germany
756725,Incomplete,1,3,Germany
756727,Incomplete,1,1,Germany
756730,Incomplete,1,1,Germany
756731,Incomplete,1,1,Germany
756735,Incomplete,1,3,Germany
756736,Saved,3,3,Germany
756737,Off T,3,3,Germany
756740,Incomplete,1,1,Germany
756743,Out,1,2,Germany
756747,Off T,1,3,Germany
756751,Incomplete,1,3,Germany
756753,Out,2,2,Germany
756757,Incomplete,1,2,Germany
756759,Incomplete,1,3,Germany
756765,Incomplete,3,3,Germany
756767,Incomplete,1,2,Germany
756768,Incomplete,2,2,Germany
756771,Incomplete,2,3,Germany
756772,Incomplete,3,3,Germany
756774,Incomplete,1,3,Germany
756777,Incomplete,1,2,Germany
756779,Off T,1,3,Germany
756780,Saved,2,3,Germany
756783,Incomplete,2,3,Germany
756788,Off T,2,3,Germany
756791,Incomplete,1,3,Germany
756793,Incomplete,1,2,Germany
756794,Incomplete,3,3,Germany
756796,Incomplete,1,3,Germany
756798,Incomplete,2,3,Germany
7567101,Incomplete,1,2,Germany
7567103,Incomplete,1,2,Germany
7567105,Incomplete,1,2,Germany
7567106,Off T,2,3,Germany
7567108,Incomplete,1,2,Germany
7567111,Incomplete,1,3,Germany
7567113,Incomplete,1,2,Germany
7567115,Incomplete,1,3,Germany
7567117,Out,2,2,Germany
7567119,Incomplete,1,3,Germany
7567121,Incomplete,2,3,Germany
7567124,Incomplete,1,2,Germany
7567126,Incomplete,1,2,Germany
7567131,Incomplete,1,3,Germany
7567133,Incomplete,1,1,Germany
7567135,Incomplete,1,2,Germany
7567138,Off T,1,3,Germany
7567140,Incomplete,1,2,Germany
7567141,Incomplete,3,None,Germany
7567143,Incomplete,1,3,Germany
7567145,Incomplete,1,2,Germany
7567147,Incomplete,1,3,Germany
7567149,Incomplete,1,2,Germany
7567151,Incomplete,1,2,Germany
7567152,Incomplete,2,2,Germany
7567154,Incomplete,2,3,Germany
7567155,Incomplete,3,2,Germany
7567157,Incomplete,1,2,Germany
7567159,Incomplete,2,1,Germany
7567161,Saved,2,3,Germany
7567163,Incomplete,2,3,Germany
7567164,Incomplete,3,3,Germany
7567166,Blocked,2,3,Germany
7567167,Goal,3,3,Germany
7567171,Incomplete,1,2,Germany
7567174,Goal,1,3,Germany
7567178,Incomplete,1,2,Germany
75532,Incomplete,2,2,Mexico
75533,Incomplete,2,2,Mexico
75535,Incomplete,2,2,Mexico
75537,Incomplete,1,3,Mexico
75539,Incomplete,2,2,Mexico
755310,Incomplete,2,3,Mexico
755315,Incomplete,1,1,Mexico
755316,Incomplete,1,2,Mexico
755317,Incomplete,2,2,Mexico
755321,Incomplete,3,3,Mexico
755326,Incomplete,2,2,Mexico
755329,Incomplete,1,3,Mexico
755332,Incomplete,2,2,Mexico
755335,Incomplete,1,3,Mexico
755337,Incomplete,1,2,Mexico
755338,Incomplete,2,3,Mexico
755340,Blocked,1,3,Mexico
755341,Saved,3,3,Mexico
755342,Incomplete,3,3,Mexico
755345,Incomplete,2,1,Mexico
755348,Incomplete,1,2,Mexico
755349,Incomplete,3,3,Mexico
755350,Off T,3,3,Mexico
755352,Incomplete,2,3,Mexico
755354,Injury Clearance,2,3,Mexico
755356,Incomplete,1,3,Mexico
755359,Out,1,1,Mexico
755362,Saved,1,3,Mexico
755363,Incomplete,3,3,Mexico
755365,Incomplete,1,1,Mexico
755366,Out,1,3,Mexico
755371,Incomplete,3,3,Mexico
755372,Incomplete,3,3,Mexico
755373,Blocked,2,3,Mexico
755374,Incomplete,3,2,Mexico
755375,Incomplete,2,3,Mexico
755380,Incomplete,1,1,Mexico
755381,Incomplete,1,2,Mexico
755384,Incomplete,1,2,Mexico
755386,Incomplete,2,2,Mexico
755390,Incomplete,1,2,Mexico
755392,Incomplete,1,2,Mexico
755394,Incomplete,2,2,Mexico
755396,Blocked,1,3,Mexico
755397,Saved,3,3,Mexico
7553100,Incomplete,2,2,Mexico
7553103,Saved,1,3,Mexico
7553105,Out,2,2,Mexico
7553107,Incomplete,2,3,Mexico
7553111,Incomplete,1,3,Mexico
7553113,Incomplete,1,3,Mexico
7553115,Blocked,2,3,Mexico
7553117,Incomplete,1,3,Mexico
7553120,Incomplete,2,2,Mexico
7553122,Incomplete,2,3,Mexico
7553123,Incomplete,3,3,Mexico
7553124,Incomplete,3,3,Mexico
7553125,Saved,3,3,Mexico
7553128,Incomplete,2,3,Mexico
7553131,Blocked,2,3,Mexico
7553134,Incomplete,2,2,Mexico
7553137,Incomplete,2,3,Mexico
7553138,Incomplete,3,3,Mexico
7553139,Incomplete,3,3,Mexico
7553141,Incomplete,1,3,Mexico
7553142,Blocked,3,3,Mexico
7553143,Incomplete,1,2,Mexico
7553146,Incomplete,1,1,Mexico
7553148,Incomplete,1,2,Mexico
7553150,Incomplete,1,2,Mexico
7553151,Incomplete,2,2,Mexico
7553153,Out,1,3,Mexico
7553155,Incomplete,2,2,Mexico
7553157,Off T,2,3,Mexico
7553159,Incomplete,1,2,Mexico
7553160,Incomplete,2,3,Mexico
7553164,Goal,1,3,Mexico
7553166,Incomplete,2,2,Mexico
7553169,Incomplete,1,2,Mexico
75382,Incomplete,2,2,Sweden
75383,Incomplete,2,3,Sweden
75386,Incomplete,1,3,Sweden
75388,Incomplete,1,3,Sweden
753810,Incomplete,2,2,Sweden
753811,Incomplete,3,3,Sweden
753813,Incomplete,3,3,Sweden
753815,Incomplete,1,3,Sweden
753816,Incomplete,3,3,Sweden
753817,Incomplete,3,3,Sweden
753818,Incomplete,3,3,Sweden
753821,Incomplete,1,1,Sweden
753822,Incomplete,2,2,Sweden
753823,Incomplete,2,3,Sweden
753824,Incomplete,2,2,Sweden
753825,Incomplete,2,3,Sweden
753826,Incomplete,3,3,Sweden
753830,Incomplete,1,3,Sweden
753831,Incomplete,3,2,Sweden
753832,Out,3,3,Sweden
753835,Incomplete,1,3,Sweden
753838,Incomplete,2,2,Sweden
753840,Incomplete,1,2,Sweden
753845,Incomplete,2,3,Sweden
753848,Incomplete,1,3,Sweden
753851,Incomplete,1,2,Sweden
753856,Incomplete,1,3,Sweden
753858,Incomplete,1,2,Sweden
753859,Incomplete,2,3,Sweden
753861,Incomplete,1,2,Sweden
753862,Out,2,3,Sweden
753864,Incomplete,3,3,Sweden
753866,Incomplete,1,3,Sweden
753869,Out,1,1,Sweden
753871,Blocked,1,3,Sweden
753873,Incomplete,2,3,Sweden
753875,Incomplete,1,2,Sweden
753878,Incomplete,1,2,Sweden
753880,Incomplete,2,3,Sweden
753883,Incomplete,1,2,Sweden
753886,Incomplete,2,None,Sweden
753888,Incomplete,2,3,Sweden
753889,Incomplete,2,3,Sweden
753891,Incomplete,1,1,Sweden
7538100,Incomplete,2,2,Sweden
7538101,Incomplete,3,3,Sweden
7538103,Incomplete,1,3,Sweden
7538105,Out,1,2,Sweden
7538107,Incomplete,1,3,Sweden
7538109,Incomplete,2,2,Sweden
7538110,Off T,2,3,Sweden
7538112,Incomplete,2,None,Sweden
7538115,Incomplete,1,3,Sweden
7538116,Incomplete,2,3,Sweden
7538120,Blocked,1,3,Sweden
7538123,Incomplete,1,3,Sweden
7538124,Incomplete,3,3,Sweden
7538125,Incomplete,3,3,Sweden
7538127,Incomplete,1,2,Sweden
7538130,Incomplete,1,2,Sweden
7538132,Incomplete,1,2,Sweden
7538134,Incomplete,2,2,Sweden
7538137,Incomplete,1,None,Sweden
7538140,Incomplete,1,2,Sweden
7538142,Incomplete,2,3,Sweden
7538144,Incomplete,1,2,Sweden
7538147,Incomplete,1,2,Sweden
7538150,Out,1,3,Sweden
7538151,Incomplete,3,3,Sweden
7538153,Out,3,3,Sweden
7538155,Incomplete,1,2,Sweden
7538156,Incomplete,3,3,Sweden
7538157,Incomplete,3,3,Sweden
7538158,Incomplete,3,3,Sweden
7538159,Blocked,3,3,Sweden
7538160,Out,3,3,Sweden
7538162,Incomplete,1,2,Sweden
7538163,Incomplete,3,2,Sweden
7538164,Incomplete,2,3,Sweden
7538168,Pass Offside,1,2,Sweden
7538170,Incomplete,1,3,Sweden
7538171,Incomplete,1,3,Sweden
7538172,Incomplete,2,3,Sweden
7538173,Out,2,3,Sweden
7538175,Off T,2,3,Sweden
7538177,Incomplete,1,3,Sweden
7538178,Incomplete,3,3,Sweden
7538180,Incomplete,1,1,Sweden
7538181,Incomplete,2,2,Sweden
