caseID,result,start_Zone,end_Zone,opponent
75693,Incomplete,1,2,Panama
75694,Incomplete,1,3,Panama
75695,Incomplete,3,3,Panama
75698,Incomplete,1,2,Panama
75699,Incomplete,3,3,Panama
756910,Incomplete,3,3,Panama
756911,Incomplete,2,2,Panama
756912,Blocked,1,3,Panama
756914,Incomplete,2,2,Panama
756916,Incomplete,1,1,Panama
756918,Off T,1,3,Panama
756922,Incomplete,1,2,Panama
756923,Incomplete,2,3,Panama
756924,Incomplete,3,3,Panama
756926,Incomplete,1,3,Panama
756929,Out,1,3,Panama
756931,Blocked,1,3,Panama
756933,Incomplete,2,3,Panama
756935,Incomplete,2,2,Panama
756936,Incomplete,3,3,Panama
756937,Incomplete,3,3,Panama
756939,Incomplete,1,3,Panama
756940,Out,3,3,Panama
756942,Saved,2,3,Panama
756944,Incomplete,2,3,Panama
756946,Incomplete,2,2,Panama
756949,Incomplete,2,3,Panama
756952,Incomplete,2,2,Panama
756954,Out,1,3,Panama
756956,Incomplete,3,3,Panama
756957,Incomplete,3,3,Panama
756960,Incomplete,1,3,Panama
756962,Out,1,3,Panama
756964,Incomplete,1,3,Panama
756967,Incomplete,2,2,Panama
756971,Incomplete,2,2,Panama
756972,Incomplete,1,3,Panama
756973,Off T,2,3,Panama
756975,Out,2,3,Panama
756978,Off T,1,3,Panama
756981,Incomplete,1,2,Panama
756984,Blocked,1,3,Panama
756985,Incomplete,3,3,Panama
756987,Incomplete,2,3,Panama
756989,Incomplete,2,3,Panama
756990,Incomplete,2,3,Panama
756991,Incomplete,2,3,Panama
756993,Incomplete,1,2,Panama
756996,Goal,1,3,Panama
756998,Incomplete,3,2,Panama
7569101,Saved,2,3,Panama
7569102,Incomplete,3,3,Panama
7569104,Incomplete,2,3,Panama
7569105,Incomplete,3,3,Panama
7569106,Incomplete,3,3,Panama
7569108,Incomplete,2,3,Panama
7569109,Out,3,3,Panama
7569112,Incomplete,1,2,Panama
7569113,Incomplete,3,3,Panama
7569115,Saved,1,3,Panama
7569119,Goal,1,3,Panama
7569121,Incomplete,1,3,Panama
7569124,Incomplete,2,3,Panama
7569128,Incomplete,2,2,Panama
7569130,Incomplete,1,None,Panama
7569131,Incomplete,1,1,Panama
7569132,Incomplete,1,2,Panama
7569134,Incomplete,1,2,Panama
7569136,Incomplete,2,1,Panama
7569139,Incomplete,1,2,Panama
7569141,Incomplete,1,2,Panama
7569142,Incomplete,2,2,Panama
7569143,Incomplete,2,2,Panama
7569144,Incomplete,2,2,Panama
7569146,Incomplete,1,3,Panama
7569149,Incomplete,1,1,Panama
7569150,Incomplete,1,2,Panama
7569152,Out,1,3,Panama
7569154,Out,2,2,Panama
7569156,Incomplete,1,2,Panama
7569158,Incomplete,1,2,Panama
7569160,Incomplete,2,2,Panama
7569162,Incomplete,1,3,Panama
7569163,Incomplete,3,2,Panama
7569165,Incomplete,1,2,Panama
7569167,Incomplete,1,3,Panama
7569171,Incomplete,1,2,Panama
75373,Incomplete,1,2,England
75375,Out,1,1,England
75378,Incomplete,1,3,England
753710,Incomplete,1,2,England
753711,Incomplete,2,3,England
753714,Out,1,3,England
753718,Incomplete,2,3,England
753721,Incomplete,2,2,England
753724,Incomplete,1,2,England
753726,Incomplete,1,2,England
753728,Incomplete,1,2,England
753729,Incomplete,2,3,England
753731,Incomplete,1,3,England
753735,Incomplete,1,2,England
753737,Incomplete,1,3,England
753738,Off T,3,3,England
753740,Incomplete,1,2,England
753743,Incomplete,1,3,England
753746,Blocked,3,3,England
753747,Incomplete,3,3,England
753753,Incomplete,1,None,England
753755,Incomplete,1,2,England
753758,Incomplete,1,3,England
753759,Goal,3,3,England
753762,Incomplete,1,2,England
753766,Incomplete,1,1,England
753768,Incomplete,1,2,England
753770,Incomplete,1,2,England
753773,Incomplete,1,1,England
753774,Incomplete,1,2,England
753777,Incomplete,1,2,England
753779,Out,2,2,England
753781,Incomplete,1,3,England
753783,Incomplete,2,2,England
753786,Incomplete,1,2,England
753788,Out,2,3,England
753790,Incomplete,2,3,England
753793,Incomplete,2,None,England
753794,Out,2,2,England
753796,Incomplete,2,3,England
753798,Out,1,1,England
7537100,Incomplete,2,2,England
7537101,Pass Offside,2,3,England
7537104,Incomplete,1,1,England
7537106,Incomplete,1,2,England
7537107,Incomplete,2,3,England
7537109,Incomplete,1,3,England
7537111,Incomplete,1,1,England
7537113,Incomplete,1,3,England
7537116,Incomplete,1,1,England
7537118,Incomplete,1,2,England
7537123,Out,1,3,England
7537125,Incomplete,2,2,England
7537127,Incomplete,1,2,England
7537129,Incomplete,2,None,England
7537131,Incomplete,1,2,England
7537135,Incomplete,1,2,England
7537138,Blocked,1,3,England
7537140,Incomplete,1,3,England
7537142,Incomplete,1,2,England
7537144,Incomplete,1,2,England
7537146,Out,1,2,England
7537150,Out,1,1,England
7537154,Incomplete,1,2,England
7537155,Incomplete,1,2,England
7537158,Incomplete,1,2,England
7537162,Pass Offside,1,2,England
7537164,Incomplete,1,2,England
7537166,Incomplete,1,3,England
7537169,Incomplete,2,3,England
7537170,Incomplete,3,3,England
7537172,Incomplete,1,1,England
75524,Incomplete,1,3,Belgium
75526,Incomplete,1,2,Belgium
75529,Incomplete,3,2,Belgium
755213,Incomplete,2,2,Belgium
755214,Pass Offside,3,3,Belgium
755216,Incomplete,1,3,Belgium
755219,Incomplete,1,1,Belgium
755220,Incomplete,1,3,Belgium
755222,Injury Clearance,2,3,Belgium
755224,Incomplete,2,2,Belgium
755227,Incomplete,1,2,Belgium
755229,Incomplete,1,2,Belgium
755230,Incomplete,2,2,Belgium
755232,Incomplete,1,2,Belgium
755234,Incomplete,2,2,Belgium
755236,Incomplete,1,2,Belgium
755238,Incomplete,2,2,Belgium
755239,Incomplete,2,3,Belgium
755240,Goal,3,3,Belgium
755242,Incomplete,3,3,Belgium
755244,Incomplete,1,2,Belgium
755246,Pass Offside,1,3,Belgium
755248,Incomplete,1,2,Belgium
755249,Incomplete,3,3,Belgium
755251,Incomplete,2,2,Belgium
755253,Out,2,3,Belgium
755255,Incomplete,1,2,Belgium
755258,Incomplete,1,1,Belgium
755260,Out,1,2,Belgium
755262,Off T,3,3,Belgium
755264,Off T,1,3,Belgium
755266,Incomplete,2,3,Belgium
755267,Incomplete,3,3,Belgium
755268,Incomplete,3,3,Belgium
755270,Saved,3,3,Belgium
755274,Out,1,1,Belgium
755276,Out,1,3,Belgium
755278,Incomplete,1,3,Belgium
755282,Incomplete,2,1,Belgium
755284,Off T,1,3,Belgium
755286,Incomplete,1,3,Belgium
755288,Incomplete,2,3,Belgium
755289,Blocked,3,3,Belgium
755290,Incomplete,3,3,Belgium
755293,Incomplete,1,2,Belgium
755295,Incomplete,1,3,Belgium
755297,Out,1,3,Belgium
755299,Incomplete,1,3,Belgium
7552100,Incomplete,3,3,Belgium
7552103,Incomplete,2,3,Belgium
7552104,Incomplete,3,3,Belgium
7552107,Incomplete,1,2,Belgium
7552109,Out,2,3,Belgium
7552111,Incomplete,2,3,Belgium
7552113,Incomplete,2,3,Belgium
7552114,Incomplete,2,2,Belgium
7552116,Saved,1,3,Belgium
7552118,Incomplete,2,2,Belgium
7552120,Incomplete,2,2,Belgium
7552121,Incomplete,2,2,Belgium
7552122,Incomplete,2,2,Belgium
7552124,Incomplete,3,3,Belgium
7552125,Incomplete,3,3,Belgium
7552126,Incomplete,3,3,Belgium
7552128,Out,2,3,Belgium
7552130,Off T,3,3,Belgium
7552133,Incomplete,1,3,Belgium
7552135,Out,1,3,Belgium
7552137,Incomplete,2,2,Belgium
7552139,Incomplete,1,3,Belgium
7552141,Incomplete,1,3,Belgium
7552144,Incomplete,1,1,Belgium
7552146,Incomplete,1,2,Belgium
7552147,Incomplete,2,3,Belgium
7552149,Incomplete,3,3,Belgium
7552150,Blocked,3,3,Belgium
7552152,Saved,2,3,Belgium
7552155,Incomplete,2,None,Belgium
7552157,Incomplete,1,3,Belgium
7552158,Incomplete,3,3,Belgium
7552160,Incomplete,2,3,Belgium
7552162,Injury Clearance,3,3,Belgium
7552165,Incomplete,1,2,Belgium
7552166,Incomplete,1,3,Belgium
7552168,Incomplete,1,3,Belgium
7552170,Incomplete,1,2,Belgium
7552174,Incomplete,1,2,Belgium
7552175,Incomplete,2,3,Belgium
7552178,Out,1,1,Belgium
7552180,Incomplete,1,2,Belgium
7552183,Incomplete,1,2,Belgium
7552185,Incomplete,1,3,Belgium
7552187,Incomplete,1,2,Belgium
7552190,Incomplete,1,2,Belgium
7552191,Incomplete,1,3,Belgium
7552193,Injury Clearance,2,3,Belgium
7552197,Off T,2,3,Belgium
7552200,Incomplete,1,2,Belgium
7552202,Incomplete,1,2,Belgium
7552203,Goal,2,3,Belgium
