caseID,result,start_Zone,end_Zone,opponent
75793,Incomplete,2,3,Portugal
75795,Incomplete,2,3,Portugal
75797,Incomplete,2,3,Portugal
75799,Incomplete,1,2,Portugal
757911,Incomplete,2,3,Portugal
757912,Incomplete,3,3,Portugal
757914,Incomplete,1,2,Portugal
757917,Goal,1,3,Portugal
757919,Incomplete,1,3,Portugal
757922,Incomplete,2,3,Portugal
757924,Incomplete,2,2,Portugal
757925,Incomplete,1,2,Portugal
757928,Blocked,2,3,Portugal
757929,Incomplete,3,3,Portugal
757931,Incomplete,3,2,Portugal
757933,Incomplete,1,None,Portugal
757935,Incomplete,1,2,Portugal
757937,Incomplete,1,2,Portugal
757939,Incomplete,1,2,Portugal
757941,Incomplete,2,3,Portugal
757942,Saved,3,3,Portugal
757944,Incomplete,2,2,Portugal
757946,Incomplete,1,3,Portugal
757949,Incomplete,1,None,Portugal
757952,Incomplete,2,3,Portugal
757953,Incomplete,3,2,Portugal
757954,Incomplete,2,3,Portugal
757956,Incomplete,1,3,Portugal
757958,Incomplete,1,2,Portugal
757961,Incomplete,1,3,Portugal
757963,Incomplete,2,3,Portugal
757965,Incomplete,2,2,Portugal
757968,Incomplete,1,3,Portugal
757971,Incomplete,1,2,Portugal
757975,Incomplete,1,2,Portugal
757977,Incomplete,1,2,Portugal
757978,Out,2,3,Portugal
757981,Incomplete,2,3,Portugal
757984,Incomplete,1,3,Portugal
757985,Incomplete,3,3,Portugal
757986,Off T,3,3,Portugal
757988,Incomplete,2,3,Portugal
757989,Incomplete,3,3,Portugal
757992,Incomplete,3,3,Portugal
757994,Out,1,2,Portugal
757997,Incomplete,2,2,Portugal
757998,Incomplete,2,2,Portugal
7579100,Incomplete,2,3,Portugal
7579103,Incomplete,1,3,Portugal
7579107,Incomplete,1,3,Portugal
7579110,Incomplete,2,2,Portugal
7579113,Incomplete,2,2,Portugal
7579115,Incomplete,1,1,Portugal
7579116,Incomplete,2,3,Portugal
7579117,Incomplete,3,3,Portugal
7579120,Incomplete,2,None,Portugal
7579124,Goal,1,3,Portugal
7579129,Incomplete,1,3,Portugal
7579132,Incomplete,1,3,Portugal
7579135,Incomplete,1,3,Portugal
7579137,Incomplete,1,3,Portugal
7579140,Incomplete,1,3,Portugal
7579143,Incomplete,3,3,Portugal
7579146,Incomplete,1,3,Portugal
7579149,Incomplete,1,2,Portugal
7579152,Incomplete,1,2,Portugal
7579153,Incomplete,2,3,Portugal
7579156,Incomplete,1,2,Portugal
7579159,Incomplete,1,2,Portugal
7579161,Incomplete,1,2,Portugal
7579163,Incomplete,1,3,Portugal
7579164,Incomplete,3,3,Portugal
7579167,Incomplete,1,3,Portugal
7579169,Incomplete,1,None,Portugal
7579170,Incomplete,2,3,Portugal
7579172,Incomplete,1,2,Portugal
7579174,Incomplete,1,3,Portugal
7579176,Incomplete,1,2,Portugal
75583,Off T,1,3,Russia
75585,Incomplete,1,2,Russia
75587,Incomplete,2,2,Russia
75589,Incomplete,1,3,Russia
755810,Incomplete,2,2,Russia
755811,Incomplete,2,3,Russia
755812,Incomplete,3,3,Russia
755815,Goal,3,3,Russia
755819,Incomplete,1,3,Russia
755821,Incomplete,2,3,Russia
755823,Incomplete,1,2,Russia
755824,Incomplete,2,3,Russia
755825,Out,3,3,Russia
755827,Incomplete,2,2,Russia
755830,Incomplete,1,3,Russia
755831,Incomplete,2,3,Russia
755834,Incomplete,1,2,Russia
755835,Incomplete,2,2,Russia
755836,Incomplete,3,3,Russia
755837,Incomplete,3,3,Russia
755838,Blocked,3,3,Russia
755840,Incomplete,1,2,Russia
755842,Incomplete,1,2,Russia
755844,Incomplete,1,2,Russia
755846,Incomplete,1,2,Russia
755848,Saved,3,3,Russia
755852,Out,1,2,Russia
755854,Incomplete,2,3,Russia
755856,Incomplete,1,3,Russia
755858,Incomplete,1,3,Russia
755860,Incomplete,2,2,Russia
755861,Out,3,3,Russia
755863,Incomplete,2,2,Russia
755866,Incomplete,1,2,Russia
755867,Incomplete,3,3,Russia
755869,Incomplete,1,2,Russia
755871,Incomplete,1,2,Russia
755873,Incomplete,2,2,Russia
755875,Incomplete,1,2,Russia
755877,Incomplete,2,3,Russia
755878,Blocked,3,3,Russia
755879,Incomplete,2,3,Russia
755881,Incomplete,2,3,Russia
755883,Incomplete,3,3,Russia
755885,Incomplete,3,3,Russia
755887,Out,1,3,Russia
755890,Incomplete,1,3,Russia
755892,Incomplete,1,3,Russia
755894,Incomplete,1,None,Russia
755896,Incomplete,1,1,Russia
755898,Blocked,2,3,Russia
7558100,Incomplete,1,2,Russia
7558102,Incomplete,1,2,Russia
7558104,Incomplete,2,3,Russia
7558105,Incomplete,3,3,Russia
7558106,Incomplete,1,2,Russia
7558109,Incomplete,1,2,Russia
7558110,Incomplete,2,3,Russia
7558112,Off T,1,3,Russia
7558114,Off T,2,3,Russia
7558116,Incomplete,1,2,Russia
7558119,Incomplete,1,2,Russia
7558121,Incomplete,1,1,Russia
7558123,Incomplete,1,2,Russia
7558124,Incomplete,2,3,Russia
7558126,Incomplete,1,2,Russia
7558127,Incomplete,2,3,Russia
7558131,Incomplete,2,2,Russia
7558132,Incomplete,2,3,Russia
7558134,Incomplete,3,3,Russia
7558135,Incomplete,3,3,Russia
7558138,Incomplete,2,3,Russia
7558140,Saved,1,3,Russia
7558141,Incomplete,3,3,Russia
7558143,Out,1,3,Russia
7558145,Blocked,3,3,Russia
7558146,Incomplete,3,3,Russia
7558149,Incomplete,1,2,Russia
7558151,Saved,1,3,Russia
7558152,Goal,3,3,Russia
7558154,Incomplete,2,3,Russia
7558156,Incomplete,1,2,Russia
7558159,Blocked,1,3,Russia
7558160,Incomplete,3,3,Russia
75443,Incomplete,1,3,Saudi Arabia
75444,Blocked,3,3,Saudi Arabia
75445,Incomplete,3,2,Saudi Arabia
75449,Incomplete,1,2,Saudi Arabia
754411,Out,1,3,Saudi Arabia
754416,Incomplete,1,2,Saudi Arabia
754417,Incomplete,2,3,Saudi Arabia
754419,Out,1,2,Saudi Arabia
754423,Incomplete,1,2,Saudi Arabia
754425,Off T,2,3,Saudi Arabia
754428,Incomplete,1,2,Saudi Arabia
754430,Incomplete,2,2,Saudi Arabia
754431,Off T,2,3,Saudi Arabia
754435,Incomplete,2,3,Saudi Arabia
754437,Incomplete,3,3,Saudi Arabia
754438,Incomplete,3,None,Saudi Arabia
754440,Incomplete,2,3,Saudi Arabia
754442,Incomplete,2,3,Saudi Arabia
754443,Incomplete,3,3,Saudi Arabia
754445,Incomplete,2,3,Saudi Arabia
754446,Goal,3,3,Saudi Arabia
754448,Out,1,3,Saudi Arabia
754450,Blocked,3,3,Saudi Arabia
754454,Incomplete,2,2,Saudi Arabia
754456,Incomplete,2,2,Saudi Arabia
754458,Incomplete,2,3,Saudi Arabia
754461,Incomplete,1,2,Saudi Arabia
754463,Incomplete,2,3,Saudi Arabia
754466,Out,2,2,Saudi Arabia
754468,Incomplete,2,2,Saudi Arabia
754470,Incomplete,2,3,Saudi Arabia
754471,Incomplete,2,2,Saudi Arabia
754473,Incomplete,1,3,Saudi Arabia
754476,Incomplete,1,3,Saudi Arabia
754478,Incomplete,1,2,Saudi Arabia
754480,Incomplete,2,3,Saudi Arabia
754484,Incomplete,1,2,Saudi Arabia
754486,Incomplete,1,2,Saudi Arabia
754488,Out,2,3,Saudi Arabia
754490,Incomplete,2,3,Saudi Arabia
754497,Incomplete,2,3,Saudi Arabia
754499,Incomplete,2,3,Saudi Arabia
7544100,Saved,3,3,Saudi Arabia
7544101,Incomplete,1,2,Saudi Arabia
7544103,Incomplete,2,3,Saudi Arabia
7544105,Incomplete,1,3,Saudi Arabia
7544107,Incomplete,2,2,Saudi Arabia
7544109,Incomplete,2,3,Saudi Arabia
7544111,Incomplete,2,3,Saudi Arabia
7544112,Incomplete,3,2,Saudi Arabia
7544114,Incomplete,2,3,Saudi Arabia
7544116,Incomplete,2,3,Saudi Arabia
7544118,Incomplete,1,3,Saudi Arabia
7544120,Incomplete,1,2,Saudi Arabia
7544122,Off T,3,3,Saudi Arabia
7544124,Incomplete,2,3,Saudi Arabia
7544126,Blocked,3,3,Saudi Arabia
7544127,Incomplete,3,3,Saudi Arabia
7544131,Incomplete,1,3,Saudi Arabia
7544132,Off T,3,3,Saudi Arabia
7544135,Incomplete,2,3,Saudi Arabia
7544138,Incomplete,1,2,Saudi Arabia
7544141,Incomplete,2,3,Saudi Arabia
7544142,Incomplete,3,3,Saudi Arabia
7544143,Incomplete,2,3,Saudi Arabia
7544145,Incomplete,2,3,Saudi Arabia
7544147,Incomplete,3,3,Saudi Arabia
7544148,Blocked,3,3,Saudi Arabia
7544150,Incomplete,1,2,Saudi Arabia
7544151,Incomplete,3,3,Saudi Arabia
7544152,Blocked,3,3,Saudi Arabia
7544154,Incomplete,1,1,Saudi Arabia
7544155,Incomplete,2,3,Saudi Arabia
7544157,Incomplete,1,2,Saudi Arabia
7544159,Incomplete,1,None,Saudi Arabia
7544161,Saved,2,3,Saudi Arabia
7544163,Incomplete,1,3,Saudi Arabia
7544164,Incomplete,3,3,Saudi Arabia
7544166,Incomplete,2,3,Saudi Arabia
7544171,Out,1,2,Saudi Arabia
7544173,Incomplete,2,3,Saudi Arabia
7544174,Incomplete,3,3,Saudi Arabia
75782,Incomplete,2,2,Egypt
75783,Incomplete,2,3,Egypt
75786,Incomplete,2,2,Egypt
75788,Incomplete,2,None,Egypt
757812,Incomplete,1,1,Egypt
757813,Incomplete,1,3,Egypt
757814,Incomplete,2,2,Egypt
757816,Incomplete,1,3,Egypt
757818,Saved,2,3,Egypt
757820,Out,2,2,Egypt
757824,Incomplete,2,3,Egypt
757826,Incomplete,1,1,Egypt
757827,Off T,2,3,Egypt
757829,Out,2,3,Egypt
757833,Incomplete,1,3,Egypt
757836,Out,1,3,Egypt
757837,Out,2,2,Egypt
757839,Incomplete,1,3,Egypt
757840,Blocked,3,3,Egypt
757841,Off T,3,3,Egypt
757844,Incomplete,1,3,Egypt
757846,Incomplete,2,3,Egypt
757847,Incomplete,3,3,Egypt
757849,Incomplete,1,2,Egypt
757851,Incomplete,1,2,Egypt
757853,Off T,2,3,Egypt
757856,Incomplete,1,3,Egypt
757858,Incomplete,2,2,Egypt
757859,Incomplete,2,3,Egypt
757860,Blocked,3,3,Egypt
757864,Incomplete,1,None,Egypt
757866,Incomplete,1,2,Egypt
757868,Incomplete,1,3,Egypt
757869,Incomplete,3,3,Egypt
757871,Incomplete,2,3,Egypt
757874,Incomplete,1,3,Egypt
757877,Injury Clearance,1,3,Egypt
757878,Incomplete,1,3,Egypt
757882,Incomplete,1,3,Egypt
757884,Incomplete,1,3,Egypt
757887,Incomplete,1,3,Egypt
757889,Incomplete,2,3,Egypt
757891,Incomplete,2,None,Egypt
757893,Incomplete,2,2,Egypt
757896,Incomplete,1,3,Egypt
757898,Saved,2,3,Egypt
7578100,Incomplete,2,3,Egypt
7578102,Incomplete,2,3,Egypt
7578105,Incomplete,1,2,Egypt
7578106,Out,2,3,Egypt
7578108,Incomplete,2,3,Egypt
7578110,Incomplete,2,3,Egypt
7578113,Incomplete,1,3,Egypt
7578115,Incomplete,1,2,Egypt
7578117,Incomplete,1,2,Egypt
7578119,Incomplete,2,3,Egypt
7578121,Incomplete,1,1,Egypt
7578122,Incomplete,2,3,Egypt
7578125,Incomplete,2,3,Egypt
7578127,Incomplete,1,3,Egypt
7578128,Incomplete,1,2,Egypt
7578131,Incomplete,2,2,Egypt
7578132,Incomplete,2,3,Egypt
7578134,Incomplete,2,3,Egypt
7578136,Incomplete,2,2,Egypt
7578137,Pass Offside,2,3,Egypt
7578139,Incomplete,1,3,Egypt
7578140,Incomplete,3,3,Egypt
7578141,Out,3,3,Egypt
7578143,Incomplete,1,3,Egypt
7578145,Incomplete,2,3,Egypt
7578147,Blocked,1,3,Egypt
7578150,Incomplete,2,3,Egypt
7578151,Blocked,3,3,Egypt
7578154,Incomplete,2,3,Egypt
7578156,Incomplete,2,3,Egypt
7578159,Incomplete,2,2,Egypt
7578160,Incomplete,2,3,Egypt
7578162,Incomplete,3,3,Egypt
7578165,Incomplete,1,3,Egypt
7578166,Incomplete,3,3,Egypt
7578169,Incomplete,1,3,Egypt
7578171,Saved,1,3,Egypt
7578172,Off T,3,3,Egypt
7578173,Incomplete,2,3,Egypt
7578174,Blocked,3,3,Egypt
7578176,Incomplete,2,3,Egypt
7578178,Incomplete,2,3,Egypt
7578179,Blocked,3,3,Egypt
7578180,Goal,3,3,Egypt
7578182,Incomplete,2,2,Egypt
7578183,Incomplete,2,3,Egypt
7578185,Incomplete,1,1,Egypt
7578187,Incomplete,1,3,Egypt
86492,Incomplete,2,2,France
86494,Incomplete,1,1,France
86497,Incomplete,1,3,France
864910,Incomplete,2,3,France
864911,Incomplete,2,3,France
864912,Incomplete,3,3,France
864916,Incomplete,2,3,France
864920,Incomplete,1,3,France
864923,Incomplete,2,3,France
864924,Incomplete,3,3,France
864925,Saved,3,3,France
864926,Incomplete,2,3,France
864928,Incomplete,1,3,France
864929,Incomplete,2,3,France
864933,Out,2,1,France
864935,Incomplete,1,3,France
864938,Incomplete,1,2,France
864939,Incomplete,2,3,France
864944,Incomplete,1,1,France
864948,Incomplete,2,2,France
864950,Incomplete,1,3,France
864952,Out,1,3,France
864954,Incomplete,2,2,France
864955,Incomplete,2,3,France
864957,Incomplete,2,3,France
864960,Saved,3,3,France
864962,Incomplete,1,3,France
864964,Out,1,3,France
864966,Incomplete,1,1,France
864968,Incomplete,2,3,France
864969,Saved,3,3,France
864971,Incomplete,2,2,France
864972,Saved,3,3,France
864976,Incomplete,1,3,France
864977,Incomplete,2,3,France
864981,Incomplete,2,3,France
864984,Incomplete,1,2,France
864986,Incomplete,1,2,France
864989,Incomplete,1,1,France
864990,Incomplete,1,3,France
864992,Incomplete,2,2,France
8649100,Incomplete,1,3,France
8649102,Incomplete,2,3,France
8649103,Incomplete,2,3,France
8649106,Off T,2,3,France
8649110,Incomplete,1,2,France
8649111,Incomplete,2,3,France
8649112,Off T,3,3,France
8649116,Incomplete,2,2,France
8649118,Incomplete,3,3,France
8649119,Incomplete,3,3,France
8649120,Blocked,3,3,France
8649123,Incomplete,2,3,France
8649126,Incomplete,2,3,France
8649127,Incomplete,3,3,France
8649128,Incomplete,3,3,France
8649131,Incomplete,2,3,France
8649133,Incomplete,3,3,France
8649135,Incomplete,2,3,France
8649138,Incomplete,2,3,France
8649139,Incomplete,3,3,France
8649141,Incomplete,2,3,France
8649142,Incomplete,3,3,France
8649144,Incomplete,1,3,France
8649146,Incomplete,2,3,France
8649148,Incomplete,3,3,France
8649149,Out,1,3,France
8649151,Incomplete,2,2,France
8649153,Incomplete,1,3,France
8649156,Out,1,3,France
8649159,Incomplete,1,3,France
8649160,Incomplete,2,3,France
8649161,Incomplete,3,3,France
8649162,Incomplete,3,3,France
8649163,Incomplete,3,3,France
8649166,Incomplete,1,3,France
8649169,Incomplete,3,3,France
8649170,Incomplete,2,2,France
8649172,Out,2,3,France
8649174,Incomplete,1,3,France
